X,CH1,Start,Increment,
Sequence,Volt,-1.610000e-06,1.000000e-09
0,-1.20e-02,
1,-4.00e-03,
2,-1.20e-02,
3,-1.20e-02,
4,-4.00e-03,
5,-4.00e-03,
6,-4.00e-03,
7,-4.00e-03,
8,-1.20e-02,
9,-4.00e-03,
10,-1.20e-02,
11,-4.00e-03,
12,-4.00e-03,
13,-1.20e-02,
14,-4.00e-03,
15,-4.00e-03,
16,-4.00e-03,
17,-4.00e-03,
18,-4.00e-03,
19,-1.20e-02,
20,-4.00e-03,
21,-4.00e-03,
22,-4.00e-03,
23,-4.00e-03,
24,-1.20e-02,
25,-4.00e-03,
26,-1.20e-02,
27,-4.00e-03,
28,-4.00e-03,
29,-4.00e-03,
30,-1.20e-02,
31,-1.20e-02,
32,-4.00e-03,
33,-4.00e-03,
34,-4.00e-03,
35,-4.00e-03,
36,-4.00e-03,
37,-4.00e-03,
38,-4.00e-03,
39,-4.00e-03,
40,-4.00e-03,
41,-4.00e-03,
42,-1.20e-02,
43,-1.20e-02,
44,-4.00e-03,
45,-1.20e-02,
46,-4.00e-03,
47,-1.20e-02,
48,-4.00e-03,
49,-4.00e-03,
50,-1.20e-02,
51,-1.20e-02,
52,-1.20e-02,
53,-4.00e-03,
54,-4.00e-03,
55,-1.20e-02,
56,-4.00e-03,
57,-4.00e-03,
58,-1.20e-02,
59,-4.00e-03,
60,-4.00e-03,
61,-1.20e-02,
62,-1.20e-02,
63,-1.20e-02,
64,-1.20e-02,
65,-4.00e-03,
66,-1.20e-02,
67,-4.00e-03,
68,-4.00e-03,
69,-4.00e-03,
70,-4.00e-03,
71,-1.20e-02,
72,-1.20e-02,
73,-4.00e-03,
74,-4.00e-03,
75,-4.00e-03,
76,-4.00e-03,
77,-1.20e-02,
78,-1.20e-02,
79,-1.20e-02,
80,-4.00e-03,
81,-4.00e-03,
82,-4.00e-03,
83,-4.00e-03,
84,-4.00e-03,
85,-4.00e-03,
86,-4.00e-03,
87,-1.20e-02,
88,-4.00e-03,
89,-4.00e-03,
90,-1.20e-02,
91,-4.00e-03,
92,-4.00e-03,
93,-1.20e-02,
94,-1.20e-02,
95,-1.20e-02,
96,-1.20e-02,
97,-4.00e-03,
98,-1.20e-02,
99,-1.20e-02,
100,-4.00e-03,
101,-1.20e-02,
102,-1.20e-02,
103,-1.20e-02,
104,-1.20e-02,
105,-4.00e-03,
106,-1.20e-02,
107,-1.20e-02,
108,-4.00e-03,
109,-1.20e-02,
110,-4.00e-03,
111,-1.20e-02,
112,-4.00e-03,
113,-4.00e-03,
114,-1.20e-02,
115,-4.00e-03,
116,-4.00e-03,
117,-4.00e-03,
118,-4.00e-03,
119,-1.20e-02,
120,-1.20e-02,
121,-4.00e-03,
122,-1.20e-02,
123,-4.00e-03,
124,-4.00e-03,
125,-1.20e-02,
126,-1.20e-02,
127,-1.20e-02,
128,-1.20e-02,
129,-4.00e-03,
130,-1.20e-02,
131,-4.00e-03,
132,-4.00e-03,
133,-4.00e-03,
134,-4.00e-03,
135,-1.20e-02,
136,-1.20e-02,
137,-4.00e-03,
138,-1.20e-02,
139,-4.00e-03,
140,-4.00e-03,
141,-1.20e-02,
142,-1.20e-02,
143,-1.20e-02,
144,-4.00e-03,
145,-4.00e-03,
146,-1.20e-02,
147,-1.20e-02,
148,-4.00e-03,
149,-4.00e-03,
150,-4.00e-03,
151,-4.00e-03,
152,-1.20e-02,
153,-4.00e-03,
154,-1.20e-02,
155,-4.00e-03,
156,-4.00e-03,
157,-1.20e-02,
158,-1.20e-02,
159,-1.20e-02,
160,-4.00e-03,
161,-4.00e-03,
162,-1.20e-02,
163,-4.00e-03,
164,-4.00e-03,
165,-1.20e-02,
166,-1.20e-02,
167,-1.20e-02,
168,-1.20e-02,
169,-4.00e-03,
170,-1.20e-02,
171,-4.00e-03,
172,-4.00e-03,
173,-4.00e-03,
174,-1.20e-02,
175,-1.20e-02,
176,-4.00e-03,
177,-4.00e-03,
178,-1.20e-02,
179,-4.00e-03,
180,-4.00e-03,
181,-4.00e-03,
182,-4.00e-03,
183,-1.20e-02,
184,-4.00e-03,
185,-4.00e-03,
186,-1.20e-02,
187,-4.00e-03,
188,-4.00e-03,
189,-1.20e-02,
190,-1.20e-02,
191,-1.20e-02,
192,-4.00e-03,
193,-4.00e-03,
194,-1.20e-02,
195,-1.20e-02,
196,-4.00e-03,
197,-4.00e-03,
198,-4.00e-03,
199,-4.00e-03,
200,-1.20e-02,
201,-4.00e-03,
202,-1.20e-02,
203,-4.00e-03,
204,-4.00e-03,
205,-4.00e-03,
206,-1.20e-02,
207,-1.20e-02,
208,-1.20e-02,
209,-4.00e-03,
210,-1.20e-02,
211,-4.00e-03,
212,-4.00e-03,
213,-4.00e-03,
214,-4.00e-03,
215,-1.20e-02,
216,-1.20e-02,
217,-4.00e-03,
218,-1.20e-02,
219,-1.20e-02,
220,-4.00e-03,
221,-1.20e-02,
222,-1.20e-02,
223,-1.20e-02,
224,-4.00e-03,
225,-4.00e-03,
226,-1.20e-02,
227,-1.20e-02,
228,-4.00e-03,
229,-4.00e-03,
230,-4.00e-03,
231,-1.20e-02,
232,-1.20e-02,
233,-4.00e-03,
234,-1.20e-02,
235,-4.00e-03,
236,-4.00e-03,
237,-1.20e-02,
238,-1.20e-02,
239,-1.20e-02,
240,-4.00e-03,
241,-4.00e-03,
242,-1.20e-02,
243,-4.00e-03,
244,-4.00e-03,
245,-1.20e-02,
246,-1.20e-02,
247,-1.20e-02,
248,-1.20e-02,
249,-4.00e-03,
250,-1.20e-02,
251,-4.00e-03,
252,-4.00e-03,
253,-4.00e-03,
254,-1.20e-02,
255,-1.20e-02,
256,-4.00e-03,
257,-4.00e-03,
258,-1.20e-02,
259,-4.00e-03,
260,-4.00e-03,
261,-4.00e-03,
262,-4.00e-03,
263,-4.00e-03,
264,-4.00e-03,
265,-4.00e-03,
266,-1.20e-02,
267,-4.00e-03,
268,-4.00e-03,
269,-4.00e-03,
270,-1.20e-02,
271,-4.00e-03,
272,-4.00e-03,
273,-4.00e-03,
274,-1.20e-02,
275,-1.20e-02,
276,-4.00e-03,
277,-4.00e-03,
278,-4.00e-03,
279,-1.20e-02,
280,-1.20e-02,
281,-4.00e-03,
282,-4.00e-03,
283,-1.20e-02,
284,-4.00e-03,
285,-1.20e-02,
286,-4.00e-03,
287,-1.20e-02,
288,-4.00e-03,
289,-4.00e-03,
290,-1.20e-02,
291,-1.20e-02,
292,-4.00e-03,
293,-4.00e-03,
294,-4.00e-03,
295,-4.00e-03,
296,-4.00e-03,
297,-4.00e-03,
298,-1.20e-02,
299,-4.00e-03,
300,-4.00e-03,
301,-1.20e-02,
302,-1.20e-02,
303,-1.20e-02,
304,-4.00e-03,
305,-4.00e-03,
306,-4.00e-03,
307,-4.00e-03,
308,-4.00e-03,
309,-4.00e-03,
310,-4.00e-03,
311,-4.00e-03,
312,-1.20e-02,
313,-4.00e-03,
314,-1.20e-02,
315,-4.00e-03,
316,-4.00e-03,
317,-1.20e-02,
318,-1.20e-02,
319,-4.00e-03,
320,-4.00e-03,
321,-4.00e-03,
322,-1.20e-02,
323,-4.00e-03,
324,-4.00e-03,
325,-4.00e-03,
326,-4.00e-03,
327,-4.00e-03,
328,-1.20e-02,
329,-4.00e-03,
330,-4.00e-03,
331,-4.00e-03,
332,-4.00e-03,
333,-1.20e-02,
334,-1.20e-02,
335,-1.20e-02,
336,-4.00e-03,
337,-4.00e-03,
338,-1.20e-02,
339,-4.00e-03,
340,-4.00e-03,
341,-4.00e-03,
342,-4.00e-03,
343,-1.20e-02,
344,-1.20e-02,
345,-4.00e-03,
346,-1.20e-02,
347,-4.00e-03,
348,-4.00e-03,
349,-4.00e-03,
350,-4.00e-03,
351,-4.00e-03,
352,-4.00e-03,
353,-4.00e-03,
354,-1.20e-02,
355,-4.00e-03,
356,-4.00e-03,
357,-1.20e-02,
358,-4.00e-03,
359,-4.00e-03,
360,-1.20e-02,
361,-4.00e-03,
362,-4.00e-03,
363,-4.00e-03,
364,-4.00e-03,
365,-1.20e-02,
366,-1.20e-02,
367,-1.20e-02,
368,-1.20e-02,
369,-4.00e-03,
370,-1.20e-02,
371,-4.00e-03,
372,-4.00e-03,
373,-4.00e-03,
374,-4.00e-03,
375,-4.00e-03,
376,-1.20e-02,
377,-4.00e-03,
378,-4.00e-03,
379,-4.00e-03,
380,-4.00e-03,
381,-4.00e-03,
382,-1.20e-02,
383,-1.20e-02,
384,-4.00e-03,
385,-4.00e-03,
386,-1.20e-02,
387,-1.20e-02,
388,-4.00e-03,
389,-4.00e-03,
390,-4.00e-03,
391,-4.00e-03,
392,-1.20e-02,
393,-4.00e-03,
394,-1.20e-02,
395,-4.00e-03,
396,-4.00e-03,
397,-4.00e-03,
398,-4.00e-03,
399,-1.20e-02,
400,-4.00e-03,
401,-4.00e-03,
402,-1.20e-02,
403,-4.00e-03,
404,-4.00e-03,
405,-4.00e-03,
406,-4.00e-03,
407,-4.00e-03,
408,-4.00e-03,
409,-4.00e-03,
410,-4.00e-03,
411,-4.00e-03,
412,-4.00e-03,
413,-4.00e-03,
414,-1.20e-02,
415,-1.20e-02,
416,-4.00e-03,
417,-4.00e-03,
418,-4.00e-03,
419,-4.00e-03,
420,-4.00e-03,
421,-4.00e-03,
422,-4.00e-03,
423,-1.20e-02,
424,-4.00e-03,
425,-4.00e-03,
426,-1.20e-02,
427,-4.00e-03,
428,-4.00e-03,
429,-4.00e-03,
430,-4.00e-03,
431,-1.20e-02,
432,-4.00e-03,
433,-4.00e-03,
434,-4.00e-03,
435,-4.00e-03,
436,-4.00e-03,
437,-4.00e-03,
438,-4.00e-03,
439,-4.00e-03,
440,-4.00e-03,
441,-4.00e-03,
442,-1.20e-02,
443,-4.00e-03,
444,-4.00e-03,
445,-4.00e-03,
446,-4.00e-03,
447,-4.00e-03,
448,-4.00e-03,
449,-4.00e-03,
450,-4.00e-03,
451,-4.00e-03,
452,-4.00e-03,
453,-4.00e-03,
454,-4.00e-03,
455,-4.00e-03,
456,-4.00e-03,
457,-4.00e-03,
458,-4.00e-03,
459,-4.00e-03,
460,-4.00e-03,
461,-4.00e-03,
462,-4.00e-03,
463,-1.20e-02,
464,-4.00e-03,
465,-4.00e-03,
466,-4.00e-03,
467,-4.00e-03,
468,-4.00e-03,
469,-4.00e-03,
470,-4.00e-03,
471,-4.00e-03,
472,-4.00e-03,
473,-4.00e-03,
474,-1.20e-02,
475,-4.00e-03,
476,-4.00e-03,
477,-4.00e-03,
478,-4.00e-03,
479,-4.00e-03,
480,-4.00e-03,
481,-4.00e-03,
482,-4.00e-03,
483,-4.00e-03,
484,-4.00e-03,
485,-4.00e-03,
486,-4.00e-03,
487,-4.00e-03,
488,-4.00e-03,
489,-4.00e-03,
490,-4.00e-03,
491,-4.00e-03,
492,-4.00e-03,
493,-4.00e-03,
494,-4.00e-03,
495,-1.20e-02,
496,-4.00e-03,
497,-4.00e-03,
498,-4.00e-03,
499,-4.00e-03,
500,-4.00e-03,
501,-4.00e-03,
502,-4.00e-03,
503,-4.00e-03,
504,-1.20e-02,
505,-4.00e-03,
506,-1.20e-02,
507,-4.00e-03,
508,-4.00e-03,
509,-1.20e-02,
510,-1.20e-02,
511,-1.20e-02,
512,-4.00e-03,
513,-4.00e-03,
514,-1.20e-02,
515,-4.00e-03,
516,-4.00e-03,
517,-4.00e-03,
518,-4.00e-03,
519,-4.00e-03,
520,-4.00e-03,
521,-4.00e-03,
522,-4.00e-03,
523,-4.00e-03,
524,-4.00e-03,
525,-4.00e-03,
526,-4.00e-03,
527,-4.00e-03,
528,-4.00e-03,
529,-4.00e-03,
530,-1.20e-02,
531,-4.00e-03,
532,-4.00e-03,
533,-4.00e-03,
534,-4.00e-03,
535,-4.00e-03,
536,-4.00e-03,
537,-4.00e-03,
538,-4.00e-03,
539,-4.00e-03,
540,-4.00e-03,
541,-4.00e-03,
542,-4.00e-03,
543,-4.00e-03,
544,-4.00e-03,
545,-4.00e-03,
546,-4.00e-03,
547,-4.00e-03,
548,-4.00e-03,
549,-4.00e-03,
550,-4.00e-03,
551,-4.00e-03,
552,-4.00e-03,
553,-4.00e-03,
554,-4.00e-03,
555,-1.20e-02,
556,-4.00e-03,
557,-4.00e-03,
558,-4.00e-03,
559,-1.20e-02,
560,-4.00e-03,
561,-4.00e-03,
562,-4.00e-03,
563,-4.00e-03,
564,-4.00e-03,
565,-4.00e-03,
566,-4.00e-03,
567,-4.00e-03,
568,-4.00e-03,
569,-4.00e-03,
570,-1.20e-02,
571,-4.00e-03,
572,-4.00e-03,
573,-4.00e-03,
574,-4.00e-03,
575,-4.00e-03,
576,-4.00e-03,
577,-4.00e-03,
578,-4.00e-03,
579,-4.00e-03,
580,-4.00e-03,
581,-4.00e-03,
582,-4.00e-03,
583,-4.00e-03,
584,-4.00e-03,
585,-4.00e-03,
586,-4.00e-03,
587,-4.00e-03,
588,-4.00e-03,
589,-1.20e-02,
590,-1.20e-02,
591,-1.20e-02,
592,-4.00e-03,
593,-4.00e-03,
594,-4.00e-03,
595,-4.00e-03,
596,-4.00e-03,
597,-4.00e-03,
598,-4.00e-03,
599,-4.00e-03,
600,-4.00e-03,
601,-4.00e-03,
602,-1.20e-02,
603,-4.00e-03,
604,-4.00e-03,
605,-4.00e-03,
606,-4.00e-03,
607,-1.20e-02,
608,-4.00e-03,
609,-4.00e-03,
610,-4.00e-03,
611,-4.00e-03,
612,-4.00e-03,
613,-4.00e-03,
614,-4.00e-03,
615,-4.00e-03,
616,-4.00e-03,
617,-4.00e-03,
618,-1.20e-02,
619,-4.00e-03,
620,-4.00e-03,
621,-4.00e-03,
622,-4.00e-03,
623,-4.00e-03,
624,-4.00e-03,
625,-4.00e-03,
626,-4.00e-03,
627,-4.00e-03,
628,-4.00e-03,
629,-4.00e-03,
630,-4.00e-03,
631,-4.00e-03,
632,-4.00e-03,
633,-4.00e-03,
634,-4.00e-03,
635,-4.00e-03,
636,-4.00e-03,
637,-4.00e-03,
638,-4.00e-03,
639,-4.00e-03,
640,-4.00e-03,
641,-4.00e-03,
642,-4.00e-03,
643,-4.00e-03,
644,-4.00e-03,
645,-4.00e-03,
646,-4.00e-03,
647,-4.00e-03,
648,-4.00e-03,
649,-4.00e-03,
650,-4.00e-03,
651,-4.00e-03,
652,-4.00e-03,
653,-4.00e-03,
654,-4.00e-03,
655,-1.20e-02,
656,-4.00e-03,
657,-4.00e-03,
658,-4.00e-03,
659,-4.00e-03,
660,-4.00e-03,
661,-4.00e-03,
662,-4.00e-03,
663,-4.00e-03,
664,-4.00e-03,
665,-4.00e-03,
666,-4.00e-03,
667,-4.00e-03,
668,-4.00e-03,
669,-4.00e-03,
670,-4.00e-03,
671,-1.20e-02,
672,-4.00e-03,
673,-4.00e-03,
674,-1.20e-02,
675,-4.00e-03,
676,-4.00e-03,
677,-1.20e-02,
678,-4.00e-03,
679,-4.00e-03,
680,-4.00e-03,
681,-4.00e-03,
682,-4.00e-03,
683,-4.00e-03,
684,-4.00e-03,
685,-1.20e-02,
686,-4.00e-03,
687,-1.20e-02,
688,-4.00e-03,
689,-4.00e-03,
690,-4.00e-03,
691,-4.00e-03,
692,-4.00e-03,
693,-4.00e-03,
694,-4.00e-03,
695,-4.00e-03,
696,-1.20e-02,
697,-4.00e-03,
698,-1.20e-02,
699,-4.00e-03,
700,-4.00e-03,
701,-4.00e-03,
702,-4.00e-03,
703,-1.20e-02,
704,-4.00e-03,
705,-4.00e-03,
706,-4.00e-03,
707,-4.00e-03,
708,-4.00e-03,
709,-4.00e-03,
710,-4.00e-03,
711,-4.00e-03,
712,-4.00e-03,
713,-4.00e-03,
714,-4.00e-03,
715,-4.00e-03,
716,-4.00e-03,
717,-4.00e-03,
718,-4.00e-03,
719,-1.20e-02,
720,-4.00e-03,
721,-4.00e-03,
722,-1.20e-02,
723,-4.00e-03,
724,-4.00e-03,
725,-4.00e-03,
726,-4.00e-03,
727,-4.00e-03,
728,-4.00e-03,
729,-4.00e-03,
730,-1.20e-02,
731,-4.00e-03,
732,-4.00e-03,
733,-4.00e-03,
734,-4.00e-03,
735,-1.20e-02,
736,-4.00e-03,
737,-4.00e-03,
738,-4.00e-03,
739,-4.00e-03,
740,-4.00e-03,
741,-4.00e-03,
742,-4.00e-03,
743,-4.00e-03,
744,-1.20e-02,
745,-4.00e-03,
746,-1.20e-02,
747,-4.00e-03,
748,-4.00e-03,
749,-1.20e-02,
750,-4.00e-03,
751,-1.20e-02,
752,-4.00e-03,
753,-4.00e-03,
754,-1.20e-02,
755,-4.00e-03,
756,-4.00e-03,
757,-4.00e-03,
758,-4.00e-03,
759,-4.00e-03,
760,-4.00e-03,
761,-4.00e-03,
762,-4.00e-03,
763,-4.00e-03,
764,-4.00e-03,
765,-4.00e-03,
766,-1.20e-02,
767,-4.00e-03,
768,-4.00e-03,
769,-4.00e-03,
770,-4.00e-03,
771,-4.00e-03,
772,-4.00e-03,
773,-4.00e-03,
774,-4.00e-03,
775,-4.00e-03,
776,-1.20e-02,
777,-4.00e-03,
778,-4.00e-03,
779,-4.00e-03,
780,-4.00e-03,
781,-1.20e-02,
782,-1.20e-02,
783,-1.20e-02,
784,-4.00e-03,
785,-4.00e-03,
786,-4.00e-03,
787,-4.00e-03,
788,-4.00e-03,
789,-4.00e-03,
790,-4.00e-03,
791,-4.00e-03,
792,-4.00e-03,
793,-4.00e-03,
794,-1.20e-02,
795,-4.00e-03,
796,-4.00e-03,
797,-1.20e-02,
798,-4.00e-03,
799,-4.00e-03,
800,-4.00e-03,
801,-4.00e-03,
802,-4.00e-03,
803,-4.00e-03,
804,-4.00e-03,
805,-4.00e-03,
806,-4.00e-03,
807,-4.00e-03,
808,-1.20e-02,
809,-4.00e-03,
810,-1.20e-02,
811,-4.00e-03,
812,-4.00e-03,
813,-1.20e-02,
814,-1.20e-02,
815,-1.20e-02,
816,-4.00e-03,
817,-4.00e-03,
818,-4.00e-03,
819,-4.00e-03,
820,-4.00e-03,
821,-4.00e-03,
822,-4.00e-03,
823,-1.20e-02,
824,-1.20e-02,
825,-4.00e-03,
826,-4.00e-03,
827,-4.00e-03,
828,-4.00e-03,
829,-4.00e-03,
830,-4.00e-03,
831,-1.20e-02,
832,-4.00e-03,
833,-4.00e-03,
834,-1.20e-02,
835,-4.00e-03,
836,-4.00e-03,
837,-4.00e-03,
838,-4.00e-03,
839,-4.00e-03,
840,-4.00e-03,
841,-4.00e-03,
842,-1.20e-02,
843,-4.00e-03,
844,-4.00e-03,
845,-4.00e-03,
846,-4.00e-03,
847,-4.00e-03,
848,-4.00e-03,
849,-4.00e-03,
850,-1.20e-02,
851,-1.20e-02,
852,-1.20e-02,
853,-4.00e-03,
854,-1.20e-02,
855,-1.20e-02,
856,-4.00e-03,
857,-4.00e-03,
858,-1.20e-02,
859,-4.00e-03,
860,-4.00e-03,
861,-4.00e-03,
862,-4.00e-03,
863,-1.20e-02,
864,-4.00e-03,
865,-4.00e-03,
866,-1.20e-02,
867,-1.20e-02,
868,-4.00e-03,
869,-4.00e-03,
870,-4.00e-03,
871,-4.00e-03,
872,-4.00e-03,
873,-4.00e-03,
874,-1.20e-02,
875,-4.00e-03,
876,-4.00e-03,
877,-4.00e-03,
878,-1.20e-02,
879,-1.20e-02,
880,-4.00e-03,
881,-4.00e-03,
882,-4.00e-03,
883,-4.00e-03,
884,-4.00e-03,
885,-4.00e-03,
886,-4.00e-03,
887,-1.20e-02,
888,-1.20e-02,
889,-4.00e-03,
890,-1.20e-02,
891,-4.00e-03,
892,-4.00e-03,
893,-1.20e-02,
894,-4.00e-03,
895,-1.20e-02,
896,-4.00e-03,
897,-4.00e-03,
898,-1.20e-02,
899,-4.00e-03,
900,-4.00e-03,
901,-4.00e-03,
902,-4.00e-03,
903,-1.20e-02,
904,-4.00e-03,
905,-4.00e-03,
906,-1.20e-02,
907,-4.00e-03,
908,-4.00e-03,
909,-4.00e-03,
910,-1.20e-02,
911,-1.20e-02,
912,-4.00e-03,
913,-4.00e-03,
914,-1.20e-02,
915,-4.00e-03,
916,-4.00e-03,
917,-1.20e-02,
918,-1.20e-02,
919,-4.00e-03,
920,-1.20e-02,
921,-4.00e-03,
922,-1.20e-02,
923,-4.00e-03,
924,-4.00e-03,
925,-1.20e-02,
926,-4.00e-03,
927,-1.20e-02,
928,-4.00e-03,
929,-4.00e-03,
930,-1.20e-02,
931,-4.00e-03,
932,-4.00e-03,
933,-1.20e-02,
934,-4.00e-03,
935,-4.00e-03,
936,-4.00e-03,
937,-4.00e-03,
938,-1.20e-02,
939,-4.00e-03,
940,-4.00e-03,
941,-1.20e-02,
942,-1.20e-02,
943,-4.00e-03,
944,-4.00e-03,
945,-4.00e-03,
946,-1.20e-02,
947,-1.20e-02,
948,-4.00e-03,
949,-4.00e-03,
950,-4.00e-03,
951,-4.00e-03,
952,-4.00e-03,
953,-4.00e-03,
954,-1.20e-02,
955,-4.00e-03,
956,-4.00e-03,
957,-4.00e-03,
958,-1.20e-02,
959,-1.20e-02,
960,-4.00e-03,
961,-4.00e-03,
962,-4.00e-03,
963,-4.00e-03,
964,-4.00e-03,
965,-1.20e-02,
966,-4.00e-03,
967,-4.00e-03,
968,-1.20e-02,
969,-4.00e-03,
970,-1.20e-02,
971,-4.00e-03,
972,-4.00e-03,
973,-4.00e-03,
974,-1.20e-02,
975,-1.20e-02,
976,-4.00e-03,
977,-1.20e-02,
978,-1.20e-02,
979,-4.00e-03,
980,-4.00e-03,
981,-4.00e-03,
982,-4.00e-03,
983,-4.00e-03,
984,-1.20e-02,
985,-4.00e-03,
986,-1.20e-02,
987,-4.00e-03,
988,-4.00e-03,
989,-4.00e-03,
990,-1.20e-02,
991,-1.20e-02,
992,-4.00e-03,
993,-4.00e-03,
994,-1.20e-02,
995,-4.00e-03,
996,-4.00e-03,
997,-4.00e-03,
998,-4.00e-03,
999,-1.20e-02,
1000,-1.20e-02,
1001,-4.00e-03,
1002,-1.20e-02,
1003,-4.00e-03,
1004,-4.00e-03,
1005,-1.20e-02,
1006,-1.20e-02,
1007,-1.20e-02,
1008,-1.20e-02,
1009,-4.00e-03,
1010,-1.20e-02,
1011,-4.00e-03,
1012,-4.00e-03,
1013,-4.00e-03,
1014,-4.00e-03,
1015,-1.20e-02,
1016,-1.20e-02,
1017,-4.00e-03,
1018,-1.20e-02,
1019,-4.00e-03,
1020,-4.00e-03,
1021,-1.20e-02,
1022,-1.20e-02,
1023,-1.20e-02,
1024,-1.20e-02,
1025,-4.00e-03,
1026,-1.20e-02,
1027,-1.20e-02,
1028,-4.00e-03,
1029,-4.00e-03,
1030,-4.00e-03,
1031,-1.20e-02,
1032,-4.00e-03,
1033,-4.00e-03,
1034,-1.20e-02,
1035,-1.20e-02,
1036,-4.00e-03,
1037,-1.20e-02,
1038,-1.20e-02,
1039,-1.20e-02,
1040,-4.00e-03,
1041,-1.20e-02,
1042,-1.20e-02,
1043,-1.20e-02,
1044,-4.00e-03,
1045,-4.00e-03,
1046,-4.00e-03,
1047,-1.20e-02,
1048,-1.20e-02,
1049,-4.00e-03,
1050,-1.20e-02,
1051,-4.00e-03,
1052,-4.00e-03,
1053,-4.00e-03,
1054,-4.00e-03,
1055,-1.20e-02,
1056,-4.00e-03,
1057,-4.00e-03,
1058,-1.20e-02,
1059,-4.00e-03,
1060,-4.00e-03,
1061,-4.00e-03,
1062,-4.00e-03,
1063,-1.20e-02,
1064,-4.00e-03,
1065,-4.00e-03,
1066,-1.20e-02,
1067,-4.00e-03,
1068,-4.00e-03,
1069,-1.20e-02,
1070,-4.00e-03,
1071,-1.20e-02,
1072,-4.00e-03,
1073,-4.00e-03,
1074,-1.20e-02,
1075,-1.20e-02,
1076,-4.00e-03,
1077,-1.20e-02,
1078,-4.00e-03,
1079,-4.00e-03,
1080,-1.20e-02,
1081,-4.00e-03,
1082,-1.20e-02,
1083,-4.00e-03,
1084,-4.00e-03,
1085,-1.20e-02,
1086,-1.20e-02,
1087,-1.20e-02,
1088,-4.00e-03,
1089,-4.00e-03,
1090,-4.00e-03,
1091,-1.20e-02,
1092,-4.00e-03,
1093,-1.20e-02,
1094,-4.00e-03,
1095,-4.00e-03,
1096,-1.20e-02,
1097,-4.00e-03,
1098,-1.20e-02,
1099,-1.20e-02,
1100,-4.00e-03,
1101,-1.20e-02,
1102,-1.20e-02,
1103,-1.20e-02,
1104,-4.00e-03,
1105,-4.00e-03,
1106,-1.20e-02,
1107,-1.20e-02,
1108,-4.00e-03,
1109,-4.00e-03,
1110,-4.00e-03,
1111,-4.00e-03,
1112,-1.20e-02,
1113,-4.00e-03,
1114,-1.20e-02,
1115,-4.00e-03,
1116,-4.00e-03,
1117,-4.00e-03,
1118,-1.20e-02,
1119,-1.20e-02,
1120,-4.00e-03,
1121,-4.00e-03,
1122,-4.00e-03,
1123,-1.20e-02,
1124,-4.00e-03,
1125,-4.00e-03,
1126,-4.00e-03,
1127,-4.00e-03,
1128,-4.00e-03,
1129,-4.00e-03,
1130,-1.20e-02,
1131,-4.00e-03,
1132,-4.00e-03,
1133,-1.20e-02,
1134,-1.20e-02,
1135,-1.20e-02,
1136,-4.00e-03,
1137,-4.00e-03,
1138,-1.20e-02,
1139,-4.00e-03,
1140,-4.00e-03,
1141,-4.00e-03,
1142,-4.00e-03,
1143,-4.00e-03,
1144,-1.20e-02,
1145,-4.00e-03,
1146,-1.20e-02,
1147,-4.00e-03,
1148,-4.00e-03,
1149,-4.00e-03,
1150,-4.00e-03,
1151,-1.20e-02,
1152,-1.20e-02,
1153,-4.00e-03,
1154,-1.20e-02,
1155,-1.20e-02,
1156,-4.00e-03,
1157,-4.00e-03,
1158,-4.00e-03,
1159,-1.20e-02,
1160,-1.20e-02,
1161,-4.00e-03,
1162,-1.20e-02,
1163,-4.00e-03,
1164,-4.00e-03,
1165,-1.20e-02,
1166,-1.20e-02,
1167,-1.20e-02,
1168,-4.00e-03,
1169,-4.00e-03,
1170,-1.20e-02,
1171,-4.00e-03,
1172,-4.00e-03,
1173,-4.00e-03,
1174,-4.00e-03,
1175,-1.20e-02,
1176,-4.00e-03,
1177,-4.00e-03,
1178,-1.20e-02,
1179,-4.00e-03,
1180,-4.00e-03,
1181,-1.20e-02,
1182,-1.20e-02,
1183,-1.20e-02,
1184,-4.00e-03,
1185,-4.00e-03,
1186,-1.20e-02,
1187,-4.00e-03,
1188,-4.00e-03,
1189,-4.00e-03,
1190,-4.00e-03,
1191,-1.20e-02,
1192,-1.20e-02,
1193,-4.00e-03,
1194,-1.20e-02,
1195,-4.00e-03,
1196,-4.00e-03,
1197,-1.20e-02,
1198,-4.00e-03,
1199,-1.20e-02,
1200,-4.00e-03,
1201,-4.00e-03,
1202,-1.20e-02,
1203,-4.00e-03,
1204,-4.00e-03,
1205,-4.00e-03,
1206,-4.00e-03,
1207,-4.00e-03,
1208,-4.00e-03,
1209,-4.00e-03,
1210,-1.20e-02,
1211,-4.00e-03,
1212,-4.00e-03,
1213,-1.20e-02,
1214,-1.20e-02,
1215,-1.20e-02,
1216,-4.00e-03,
1217,-4.00e-03,
1218,-1.20e-02,
1219,-1.20e-02,
1220,-4.00e-03,
1221,-4.00e-03,
1222,-4.00e-03,
1223,-1.20e-02,
1224,-1.20e-02,
1225,-4.00e-03,
1226,-1.20e-02,
1227,-4.00e-03,
1228,-4.00e-03,
1229,-1.20e-02,
1230,-4.00e-03,
1231,-1.20e-02,
1232,-4.00e-03,
1233,-4.00e-03,
1234,-1.20e-02,
1235,-1.20e-02,
1236,-4.00e-03,
1237,-4.00e-03,
1238,-4.00e-03,
1239,-4.00e-03,
1240,-1.20e-02,
1241,-4.00e-03,
1242,-1.20e-02,
1243,-4.00e-03,
1244,-4.00e-03,
1245,-1.20e-02,
1246,-4.00e-03,
1247,-1.20e-02,
1248,-4.00e-03,
1249,-4.00e-03,
1250,-1.20e-02,
1251,-1.20e-02,
1252,-4.00e-03,
1253,-4.00e-03,
1254,-4.00e-03,
1255,-4.00e-03,
1256,-1.20e-02,
1257,-4.00e-03,
1258,-1.20e-02,
1259,-4.00e-03,
1260,-4.00e-03,
1261,-1.20e-02,
1262,-4.00e-03,
1263,-1.20e-02,
1264,-4.00e-03,
1265,-4.00e-03,
1266,-1.20e-02,
1267,-4.00e-03,
1268,-4.00e-03,
1269,-4.00e-03,
1270,-4.00e-03,
1271,-4.00e-03,
1272,-4.00e-03,
1273,-4.00e-03,
1274,-1.20e-02,
1275,-4.00e-03,
1276,-4.00e-03,
1277,-4.00e-03,
1278,-4.00e-03,
1279,-1.20e-02,
1280,-4.00e-03,
1281,-4.00e-03,
1282,-1.20e-02,
1283,-4.00e-03,
1284,-4.00e-03,
1285,-4.00e-03,
1286,-4.00e-03,
1287,-4.00e-03,
1288,-4.00e-03,
1289,-4.00e-03,
1290,-1.20e-02,
1291,-4.00e-03,
1292,-4.00e-03,
1293,-1.20e-02,
1294,-4.00e-03,
1295,-1.20e-02,
1296,-4.00e-03,
1297,-4.00e-03,
1298,-1.20e-02,
1299,-1.20e-02,
1300,-4.00e-03,
1301,-4.00e-03,
1302,-4.00e-03,
1303,-4.00e-03,
1304,-4.00e-03,
1305,-4.00e-03,
1306,-1.20e-02,
1307,-4.00e-03,
1308,-4.00e-03,
1309,-4.00e-03,
1310,-4.00e-03,
1311,-1.20e-02,
1312,-4.00e-03,
1313,-4.00e-03,
1314,-1.20e-02,
1315,-4.00e-03,
1316,-4.00e-03,
1317,-4.00e-03,
1318,-1.20e-02,
1319,-4.00e-03,
1320,-4.00e-03,
1321,-4.00e-03,
1322,-1.20e-02,
1323,-4.00e-03,
1324,-4.00e-03,
1325,-4.00e-03,
1326,-4.00e-03,
1327,-1.20e-02,
1328,-4.00e-03,
1329,-4.00e-03,
1330,-4.00e-03,
1331,-4.00e-03,
1332,-4.00e-03,
1333,-4.00e-03,
1334,-4.00e-03,
1335,-1.20e-02,
1336,-4.00e-03,
1337,-4.00e-03,
1338,-4.00e-03,
1339,-4.00e-03,
1340,-4.00e-03,
1341,-4.00e-03,
1342,-4.00e-03,
1343,-1.20e-02,
1344,-4.00e-03,
1345,-4.00e-03,
1346,-4.00e-03,
1347,-4.00e-03,
1348,-4.00e-03,
1349,-4.00e-03,
1350,-4.00e-03,
1351,-4.00e-03,
1352,-1.20e-02,
1353,-4.00e-03,
1354,-4.00e-03,
1355,-4.00e-03,
1356,-4.00e-03,
1357,-4.00e-03,
1358,-1.20e-02,
1359,-4.00e-03,
1360,-4.00e-03,
1361,-4.00e-03,
1362,-1.20e-02,
1363,-4.00e-03,
1364,-4.00e-03,
1365,-4.00e-03,
1366,-4.00e-03,
1367,-4.00e-03,
1368,-1.20e-02,
1369,-4.00e-03,
1370,-1.20e-02,
1371,-4.00e-03,
1372,-4.00e-03,
1373,-4.00e-03,
1374,-4.00e-03,
1375,-1.20e-02,
1376,-4.00e-03,
1377,-4.00e-03,
1378,-4.00e-03,
1379,-4.00e-03,
1380,-4.00e-03,
1381,-4.00e-03,
1382,-4.00e-03,
1383,-4.00e-03,
1384,-4.00e-03,
1385,-4.00e-03,
1386,-1.20e-02,
1387,-4.00e-03,
1388,-4.00e-03,
1389,-4.00e-03,
1390,-1.20e-02,
1391,-4.00e-03,
1392,-4.00e-03,
1393,-4.00e-03,
1394,-1.20e-02,
1395,-4.00e-03,
1396,-4.00e-03,
1397,-4.00e-03,
1398,-4.00e-03,
1399,-4.00e-03,
1400,-4.00e-03,
1401,-4.00e-03,
1402,-1.20e-02,
1403,-4.00e-03,
1404,-4.00e-03,
1405,-1.20e-02,
1406,-4.00e-03,
1407,-1.20e-02,
1408,-4.00e-03,
1409,-4.00e-03,
1410,-1.20e-02,
1411,-4.00e-03,
1412,-4.00e-03,
1413,-4.00e-03,
1414,-4.00e-03,
1415,-4.00e-03,
1416,-4.00e-03,
1417,-4.00e-03,
1418,-4.00e-03,
1419,-4.00e-03,
1420,-4.00e-03,
1421,-4.00e-03,
1422,-4.00e-03,
1423,-1.20e-02,
1424,-4.00e-03,
1425,-4.00e-03,
1426,-1.20e-02,
1427,-4.00e-03,
1428,-4.00e-03,
1429,-4.00e-03,
1430,-4.00e-03,
1431,-4.00e-03,
1432,-4.00e-03,
1433,-4.00e-03,
1434,-4.00e-03,
1435,-4.00e-03,
1436,-4.00e-03,
1437,-4.00e-03,
1438,-4.00e-03,
1439,-4.00e-03,
1440,-4.00e-03,
1441,-4.00e-03,
1442,-1.20e-02,
1443,-4.00e-03,
1444,-4.00e-03,
1445,-4.00e-03,
1446,-4.00e-03,
1447,-4.00e-03,
1448,-4.00e-03,
1449,-4.00e-03,
1450,-4.00e-03,
1451,-4.00e-03,
1452,-4.00e-03,
1453,-4.00e-03,
1454,-4.00e-03,
1455,-4.00e-03,
1456,-4.00e-03,
1457,-4.00e-03,
1458,-1.20e-02,
1459,-4.00e-03,
1460,-4.00e-03,
1461,-4.00e-03,
1462,-4.00e-03,
1463,-4.00e-03,
1464,-4.00e-03,
1465,-4.00e-03,
1466,-1.20e-02,
1467,-4.00e-03,
1468,-4.00e-03,
1469,-1.20e-02,
1470,-4.00e-03,
1471,-4.00e-03,
1472,-4.00e-03,
1473,-4.00e-03,
1474,-4.00e-03,
1475,-4.00e-03,
1476,-4.00e-03,
1477,-4.00e-03,
1478,-4.00e-03,
1479,-4.00e-03,
1480,-4.00e-03,
1481,-4.00e-03,
1482,-1.20e-02,
1483,-4.00e-03,
1484,-4.00e-03,
1485,-4.00e-03,
1486,-1.20e-02,
1487,-1.20e-02,
1488,-4.00e-03,
1489,-4.00e-03,
1490,-4.00e-03,
1491,-4.00e-03,
1492,-4.00e-03,
1493,-4.00e-03,
1494,-4.00e-03,
1495,-4.00e-03,
1496,-4.00e-03,
1497,-4.00e-03,
1498,-1.20e-02,
1499,-4.00e-03,
1500,-4.00e-03,
1501,-1.20e-02,
1502,-4.00e-03,
1503,-1.20e-02,
1504,-4.00e-03,
1505,-4.00e-03,
1506,-4.00e-03,
1507,-4.00e-03,
1508,-4.00e-03,
1509,-4.00e-03,
1510,-4.00e-03,
1511,-4.00e-03,
1512,-4.00e-03,
1513,-4.00e-03,
1514,-4.00e-03,
1515,-4.00e-03,
1516,-4.00e-03,
1517,-4.00e-03,
1518,-4.00e-03,
1519,-1.20e-02,
1520,-4.00e-03,
1521,-4.00e-03,
1522,-4.00e-03,
1523,-4.00e-03,
1524,-4.00e-03,
1525,-4.00e-03,
1526,-4.00e-03,
1527,-4.00e-03,
1528,-4.00e-03,
1529,-4.00e-03,
1530,-4.00e-03,
1531,4.00e-03,
1532,4.00e-03,
1533,4.00e-03,
1534,1.20e-02,
1535,4.00e-03,
1536,1.20e-02,
1537,1.20e-02,
1538,1.20e-02,
1539,1.20e-02,
1540,1.20e-02,
1541,1.20e-02,
1542,2.80e-02,
1543,2.80e-02,
1544,3.60e-02,
1545,4.40e-02,
1546,4.40e-02,
1547,4.40e-02,
1548,4.40e-02,
1549,3.60e-02,
1550,2.80e-02,
1551,1.20e-02,
1552,1.20e-02,
1553,1.20e-02,
1554,4.00e-03,
1555,1.20e-02,
1556,1.20e-02,
1557,2.80e-02,
1558,2.80e-02,
1559,2.80e-02,
1560,2.80e-02,
1561,2.80e-02,
1562,2.80e-02,
1563,1.20e-02,
1564,1.20e-02,
1565,4.00e-03,
1566,4.00e-03,
1567,1.20e-02,
1568,1.20e-02,
1569,2.80e-02,
1570,2.80e-02,
1571,2.80e-02,
1572,3.60e-02,
1573,2.80e-02,
1574,2.80e-02,
1575,2.80e-02,
1576,2.80e-02,
1577,1.20e-02,
1578,1.20e-02,
1579,1.20e-02,
1580,2.80e-02,
1581,1.20e-02,
1582,2.80e-02,
1583,2.80e-02,
1584,2.80e-02,
1585,2.80e-02,
1586,2.80e-02,
1587,2.80e-02,
1588,2.80e-02,
1589,1.20e-02,
1590,1.20e-02,
1591,1.20e-02,
1592,1.20e-02,
1593,1.20e-02,
1594,1.20e-02,
1595,1.20e-02,
1596,2.80e-02,
1597,2.80e-02,
1598,3.60e-02,
1599,5.20e-02,
1600,8.40e-02,
1601,1.32e-01,
1602,1.88e-01,
1603,2.36e-01,
1604,2.52e-01,
1605,2.28e-01,
1606,1.32e-01,
1607,-2.80e-02,
1608,-1.96e-01,
1609,-3.16e-01,
1610,-3.40e-01,
1611,-2.76e-01,
1612,-1.32e-01,
1613,2.80e-02,
1614,1.56e-01,
1615,2.28e-01,
1616,2.28e-01,
1617,1.48e-01,
1618,2.80e-02,
1619,-9.20e-02,
1620,-1.64e-01,
1621,-1.72e-01,
1622,-1.16e-01,
1623,-1.20e-02,
1624,7.60e-02,
1625,1.56e-01,
1626,1.72e-01,
1627,1.32e-01,
1628,6.80e-02,
1629,-2.80e-02,
1630,-9.20e-02,
1631,-1.24e-01,
1632,-9.20e-02,
1633,-3.60e-02,
1634,3.60e-02,
1635,9.20e-02,
1636,1.24e-01,
1637,1.08e-01,
1638,6.80e-02,
1639,4.00e-03,
1640,-5.20e-02,
1641,-7.60e-02,
1642,-7.60e-02,
1643,-3.60e-02,
1644,1.20e-02,
1645,6.80e-02,
1646,8.40e-02,
1647,8.40e-02,
1648,5.20e-02,
1649,1.20e-02,
1650,-3.60e-02,
1651,-5.20e-02,
1652,-5.20e-02,
1653,-4.40e-02,
1654,-4.00e-03,
1655,2.80e-02,
1656,5.20e-02,
1657,6.80e-02,
1658,4.40e-02,
1659,2.80e-02,
1660,-4.00e-03,
1661,-3.60e-02,
1662,-3.60e-02,
1663,-3.60e-02,
1664,-1.20e-02,
1665,1.20e-02,
1666,3.60e-02,
1667,4.40e-02,
1668,4.40e-02,
1669,2.80e-02,
1670,4.00e-03,
1671,-1.20e-02,
1672,-2.80e-02,
1673,-2.80e-02,
1674,-1.20e-02,
1675,4.00e-03,
1676,2.80e-02,
1677,3.60e-02,
1678,3.60e-02,
1679,2.80e-02,
1680,4.00e-03,
1681,-4.00e-03,
1682,-1.20e-02,
1683,-1.20e-02,
1684,-4.00e-03,
1685,4.00e-03,
1686,1.20e-02,
1687,2.80e-02,
1688,2.80e-02,
1689,2.80e-02,
1690,4.00e-03,
1691,-4.00e-03,
1692,-4.00e-03,
1693,-1.20e-02,
1694,-4.00e-03,
1695,4.00e-03,
1696,1.20e-02,
1697,2.80e-02,
1698,2.80e-02,
1699,1.20e-02,
1700,1.20e-02,
1701,4.00e-03,
1702,-4.00e-03,
1703,-4.00e-03,
1704,-4.00e-03,
1705,4.00e-03,
1706,4.00e-03,
1707,1.20e-02,
1708,1.20e-02,
1709,1.20e-02,
1710,4.00e-03,
1711,4.00e-03,
1712,4.00e-03,
1713,4.00e-03,
1714,-4.00e-03,
1715,4.00e-03,
1716,4.00e-03,
1717,1.20e-02,
1718,1.20e-02,
1719,1.20e-02,
1720,4.00e-03,
1721,4.00e-03,
1722,-4.00e-03,
1723,4.00e-03,
1724,4.00e-03,
1725,4.00e-03,
1726,4.00e-03,
1727,4.00e-03,
1728,1.20e-02,
1729,1.20e-02,
1730,1.20e-02,
1731,4.00e-03,
1732,4.00e-03,
1733,4.00e-03,
1734,4.00e-03,
1735,4.00e-03,
1736,4.00e-03,
1737,1.20e-02,
1738,4.00e-03,
1739,1.20e-02,
1740,1.20e-02,
1741,4.00e-03,
1742,4.00e-03,
1743,4.00e-03,
1744,4.00e-03,
1745,4.00e-03,
1746,4.00e-03,
1747,4.00e-03,
1748,4.00e-03,
1749,1.20e-02,
1750,4.00e-03,
1751,4.00e-03,
1752,4.00e-03,
1753,4.00e-03,
1754,4.00e-03,
1755,4.00e-03,
1756,4.00e-03,
1757,4.00e-03,
1758,4.00e-03,
1759,4.00e-03,
1760,4.00e-03,
1761,1.20e-02,
1762,4.00e-03,
1763,4.00e-03,
1764,4.00e-03,
1765,4.00e-03,
1766,4.00e-03,
1767,4.00e-03,
1768,4.00e-03,
1769,4.00e-03,
1770,4.00e-03,
1771,4.00e-03,
1772,4.00e-03,
1773,4.00e-03,
1774,4.00e-03,
1775,4.00e-03,
1776,4.00e-03,
1777,4.00e-03,
1778,4.00e-03,
1779,4.00e-03,
1780,4.00e-03,
1781,4.00e-03,
1782,4.00e-03,
1783,4.00e-03,
1784,4.00e-03,
1785,4.00e-03,
1786,4.00e-03,
1787,4.00e-03,
1788,4.00e-03,
1789,4.00e-03,
1790,4.00e-03,
1791,4.00e-03,
1792,4.00e-03,
1793,4.00e-03,
1794,4.00e-03,
1795,4.00e-03,
1796,4.00e-03,
1797,4.00e-03,
1798,4.00e-03,
1799,4.00e-03,
1800,4.00e-03,
1801,1.20e-02,
1802,4.00e-03,
1803,4.00e-03,
1804,4.00e-03,
1805,4.00e-03,
1806,4.00e-03,
1807,4.00e-03,
1808,4.00e-03,
1809,4.00e-03,
1810,4.00e-03,
1811,4.00e-03,
1812,4.00e-03,
1813,4.00e-03,
1814,4.00e-03,
1815,4.00e-03,
1816,4.00e-03,
1817,4.00e-03,
1818,4.00e-03,
1819,4.00e-03,
1820,1.20e-02,
1821,4.00e-03,
1822,4.00e-03,
1823,4.00e-03,
1824,4.00e-03,
1825,4.00e-03,
1826,4.00e-03,
1827,4.00e-03,
1828,4.00e-03,
1829,4.00e-03,
1830,4.00e-03,
1831,4.00e-03,
1832,4.00e-03,
1833,4.00e-03,
1834,4.00e-03,
1835,4.00e-03,
1836,4.00e-03,
1837,4.00e-03,
1838,4.00e-03,
1839,4.00e-03,
1840,4.00e-03,
1841,4.00e-03,
1842,4.00e-03,
1843,4.00e-03,
1844,4.00e-03,
1845,4.00e-03,
1846,4.00e-03,
1847,4.00e-03,
1848,4.00e-03,
1849,4.00e-03,
1850,4.00e-03,
1851,4.00e-03,
1852,1.20e-02,
1853,4.00e-03,
1854,4.00e-03,
1855,4.00e-03,
1856,4.00e-03,
1857,4.00e-03,
1858,4.00e-03,
1859,4.00e-03,
1860,1.20e-02,
1861,4.00e-03,
1862,4.00e-03,
1863,4.00e-03,
1864,4.00e-03,
1865,4.00e-03,
1866,4.00e-03,
1867,4.00e-03,
1868,1.20e-02,
1869,4.00e-03,
1870,4.00e-03,
1871,4.00e-03,
1872,4.00e-03,
1873,4.00e-03,
1874,4.00e-03,
1875,4.00e-03,
1876,4.00e-03,
1877,4.00e-03,
1878,4.00e-03,
1879,4.00e-03,
1880,4.00e-03,
1881,1.20e-02,
1882,4.00e-03,
1883,4.00e-03,
1884,1.20e-02,
1885,4.00e-03,
1886,4.00e-03,
1887,4.00e-03,
1888,4.00e-03,
1889,1.20e-02,
1890,4.00e-03,
1891,4.00e-03,
1892,1.20e-02,
1893,4.00e-03,
1894,1.20e-02,
1895,4.00e-03,
1896,4.00e-03,
1897,1.20e-02,
1898,4.00e-03,
1899,4.00e-03,
1900,4.00e-03,
1901,4.00e-03,
1902,4.00e-03,
1903,4.00e-03,
1904,1.20e-02,
1905,1.20e-02,
1906,4.00e-03,
1907,4.00e-03,
1908,1.20e-02,
1909,4.00e-03,
1910,1.20e-02,
1911,4.00e-03,
1912,4.00e-03,
1913,1.20e-02,
1914,4.00e-03,
1915,1.20e-02,
1916,1.20e-02,
1917,4.00e-03,
1918,4.00e-03,
1919,4.00e-03,
1920,1.20e-02,
1921,1.20e-02,
1922,4.00e-03,
1923,4.00e-03,
1924,1.20e-02,
1925,1.20e-02,
1926,4.00e-03,
1927,4.00e-03,
1928,4.00e-03,
1929,1.20e-02,
1930,4.00e-03,
1931,1.20e-02,
1932,1.20e-02,
1933,4.00e-03,
1934,4.00e-03,
1935,4.00e-03,
1936,1.20e-02,
1937,1.20e-02,
1938,4.00e-03,
1939,4.00e-03,
1940,4.00e-03,
1941,4.00e-03,
1942,4.00e-03,
1943,4.00e-03,
1944,4.00e-03,
1945,1.20e-02,
1946,4.00e-03,
1947,1.20e-02,
1948,1.20e-02,
1949,1.20e-02,
1950,1.20e-02,
1951,4.00e-03,
1952,1.20e-02,
1953,1.20e-02,
1954,4.00e-03,
1955,4.00e-03,
1956,1.20e-02,
1957,1.20e-02,
1958,1.20e-02,
1959,1.20e-02,
1960,4.00e-03,
1961,1.20e-02,
1962,4.00e-03,
1963,1.20e-02,
1964,1.20e-02,
1965,1.20e-02,
1966,4.00e-03,
1967,4.00e-03,
1968,4.00e-03,
1969,1.20e-02,
1970,4.00e-03,
1971,1.20e-02,
1972,4.00e-03,
1973,1.20e-02,
1974,1.20e-02,
1975,4.00e-03,
1976,1.20e-02,
1977,1.20e-02,
1978,1.20e-02,
1979,1.20e-02,
1980,1.20e-02,
1981,1.20e-02,
1982,1.20e-02,
1983,4.00e-03,
1984,1.20e-02,
1985,1.20e-02,
1986,1.20e-02,
1987,1.20e-02,
1988,1.20e-02,
1989,1.20e-02,
1990,1.20e-02,
1991,4.00e-03,
1992,1.20e-02,
1993,1.20e-02,
1994,1.20e-02,
1995,1.20e-02,
1996,1.20e-02,
1997,1.20e-02,
1998,4.00e-03,
1999,4.00e-03,
2000,1.20e-02,
2001,1.20e-02,
2002,1.20e-02,
2003,1.20e-02,
2004,1.20e-02,
2005,1.20e-02,
2006,1.20e-02,
2007,1.20e-02,
2008,1.20e-02,
2009,1.20e-02,
2010,4.00e-03,
2011,1.20e-02,
2012,1.20e-02,
2013,4.00e-03,
2014,1.20e-02,
2015,1.20e-02,
2016,1.20e-02,
2017,1.20e-02,
2018,1.20e-02,
2019,1.20e-02,
2020,1.20e-02,
2021,1.20e-02,
2022,1.20e-02,
2023,1.20e-02,
2024,1.20e-02,
2025,1.20e-02,
2026,1.20e-02,
2027,1.20e-02,
2028,1.20e-02,
2029,4.00e-03,
2030,1.20e-02,
2031,4.00e-03,
2032,1.20e-02,
2033,1.20e-02,
2034,1.20e-02,
2035,1.20e-02,
2036,1.20e-02,
2037,1.20e-02,
2038,1.20e-02,
2039,1.20e-02,
2040,1.20e-02,
2041,1.20e-02,
2042,1.20e-02,
2043,1.20e-02,
2044,1.20e-02,
2045,1.20e-02,
2046,1.20e-02,
2047,1.20e-02,
2048,1.20e-02,
2049,1.20e-02,
2050,1.20e-02,
2051,1.20e-02,
2052,1.20e-02,
2053,1.20e-02,
2054,1.20e-02,
2055,1.20e-02,
2056,1.20e-02,
2057,1.20e-02,
2058,1.20e-02,
2059,1.20e-02,
2060,1.20e-02,
2061,1.20e-02,
2062,1.20e-02,
2063,1.20e-02,
2064,1.20e-02,
2065,1.20e-02,
2066,1.20e-02,
2067,1.20e-02,
2068,1.20e-02,
2069,1.20e-02,
2070,1.20e-02,
2071,1.20e-02,
2072,1.20e-02,
2073,1.20e-02,
2074,1.20e-02,
2075,1.20e-02,
2076,1.20e-02,
2077,1.20e-02,
2078,1.20e-02,
2079,1.20e-02,
2080,1.20e-02,
2081,1.20e-02,
2082,1.20e-02,
2083,1.20e-02,
2084,1.20e-02,
2085,1.20e-02,
2086,1.20e-02,
2087,1.20e-02,
2088,1.20e-02,
2089,1.20e-02,
2090,1.20e-02,
2091,1.20e-02,
2092,1.20e-02,
2093,1.20e-02,
2094,1.20e-02,
2095,1.20e-02,
2096,1.20e-02,
2097,1.20e-02,
2098,1.20e-02,
2099,1.20e-02,
2100,1.20e-02,
2101,1.20e-02,
2102,1.20e-02,
2103,1.20e-02,
2104,1.20e-02,
2105,1.20e-02,
2106,1.20e-02,
2107,1.20e-02,
2108,1.20e-02,
2109,1.20e-02,
2110,1.20e-02,
2111,1.20e-02,
2112,1.20e-02,
2113,1.20e-02,
2114,1.20e-02,
2115,1.20e-02,
2116,1.20e-02,
2117,1.20e-02,
2118,1.20e-02,
2119,1.20e-02,
2120,1.20e-02,
2121,1.20e-02,
2122,1.20e-02,
2123,1.20e-02,
2124,1.20e-02,
2125,1.20e-02,
2126,1.20e-02,
2127,1.20e-02,
2128,1.20e-02,
2129,1.20e-02,
2130,1.20e-02,
2131,1.20e-02,
2132,1.20e-02,
2133,1.20e-02,
2134,1.20e-02,
2135,1.20e-02,
2136,1.20e-02,
2137,1.20e-02,
2138,1.20e-02,
2139,1.20e-02,
2140,1.20e-02,
2141,1.20e-02,
2142,1.20e-02,
2143,1.20e-02,
2144,1.20e-02,
2145,1.20e-02,
2146,1.20e-02,
2147,1.20e-02,
2148,1.20e-02,
2149,1.20e-02,
2150,1.20e-02,
2151,1.20e-02,
2152,1.20e-02,
2153,1.20e-02,
2154,1.20e-02,
2155,1.20e-02,
2156,1.20e-02,
2157,1.20e-02,
2158,1.20e-02,
2159,1.20e-02,
2160,1.20e-02,
2161,1.20e-02,
2162,1.20e-02,
2163,1.20e-02,
2164,1.20e-02,
2165,1.20e-02,
2166,1.20e-02,
2167,1.20e-02,
2168,1.20e-02,
2169,1.20e-02,
2170,1.20e-02,
2171,1.20e-02,
2172,1.20e-02,
2173,1.20e-02,
2174,1.20e-02,
2175,1.20e-02,
2176,1.20e-02,
2177,1.20e-02,
2178,1.20e-02,
2179,1.20e-02,
2180,1.20e-02,
2181,1.20e-02,
2182,1.20e-02,
2183,1.20e-02,
2184,1.20e-02,
2185,1.20e-02,
2186,1.20e-02,
2187,1.20e-02,
2188,1.20e-02,
2189,1.20e-02,
2190,1.20e-02,
2191,1.20e-02,
2192,1.20e-02,
2193,1.20e-02,
2194,1.20e-02,
2195,1.20e-02,
2196,1.20e-02,
2197,1.20e-02,
2198,1.20e-02,
2199,1.20e-02,
2200,1.20e-02,
2201,1.20e-02,
2202,1.20e-02,
2203,1.20e-02,
2204,1.20e-02,
2205,1.20e-02,
2206,1.20e-02,
2207,1.20e-02,
2208,1.20e-02,
2209,2.80e-02,
2210,1.20e-02,
2211,1.20e-02,
2212,2.80e-02,
2213,1.20e-02,
2214,1.20e-02,
2215,1.20e-02,
2216,1.20e-02,
2217,2.80e-02,
2218,1.20e-02,
2219,1.20e-02,
2220,2.80e-02,
2221,1.20e-02,
2222,1.20e-02,
2223,1.20e-02,
2224,2.80e-02,
2225,2.80e-02,
2226,1.20e-02,
2227,1.20e-02,
2228,2.80e-02,
2229,1.20e-02,
2230,1.20e-02,
2231,1.20e-02,
2232,1.20e-02,
2233,2.80e-02,
2234,1.20e-02,
2235,1.20e-02,
2236,2.80e-02,
2237,1.20e-02,
2238,1.20e-02,
2239,1.20e-02,
2240,2.80e-02,
2241,2.80e-02,
2242,1.20e-02,
2243,2.80e-02,
2244,2.80e-02,
2245,1.20e-02,
2246,1.20e-02,
2247,1.20e-02,
2248,1.20e-02,
2249,2.80e-02,
2250,1.20e-02,
2251,2.80e-02,
2252,2.80e-02,
2253,1.20e-02,
2254,1.20e-02,
2255,1.20e-02,
2256,2.80e-02,
2257,2.80e-02,
2258,2.80e-02,
2259,2.80e-02,
2260,2.80e-02,
2261,1.20e-02,
2262,2.80e-02,
2263,1.20e-02,
2264,1.20e-02,
2265,2.80e-02,
2266,1.20e-02,
2267,2.80e-02,
2268,2.80e-02,
2269,2.80e-02,
2270,1.20e-02,
2271,1.20e-02,
2272,2.80e-02,
2273,2.80e-02,
2274,1.20e-02,
2275,1.20e-02,
2276,2.80e-02,
2277,2.80e-02,
2278,2.80e-02,
2279,2.80e-02,
2280,2.80e-02,
2281,2.80e-02,
2282,1.20e-02,
2283,2.80e-02,
2284,2.80e-02,
2285,2.80e-02,
2286,2.80e-02,
2287,1.20e-02,
2288,2.80e-02,
2289,2.80e-02,
2290,1.20e-02,
2291,2.80e-02,
2292,2.80e-02,
2293,1.20e-02,
2294,1.20e-02,
2295,1.20e-02,
2296,2.80e-02,
2297,2.80e-02,
2298,1.20e-02,
2299,2.80e-02,
2300,2.80e-02,
2301,2.80e-02,
2302,1.20e-02,
2303,2.80e-02,
2304,1.20e-02,
2305,2.80e-02,
2306,2.80e-02,
2307,2.80e-02,
2308,2.80e-02,
2309,2.80e-02,
2310,2.80e-02,
2311,2.80e-02,
2312,2.80e-02,
2313,2.80e-02,
2314,2.80e-02,
2315,2.80e-02,
2316,2.80e-02,
2317,2.80e-02,
2318,2.80e-02,
2319,2.80e-02,
2320,2.80e-02,
2321,2.80e-02,
2322,2.80e-02,
2323,2.80e-02,
2324,2.80e-02,
2325,2.80e-02,
2326,2.80e-02,
2327,2.80e-02,
2328,2.80e-02,
2329,2.80e-02,
2330,2.80e-02,
2331,2.80e-02,
2332,2.80e-02,
2333,2.80e-02,
2334,2.80e-02,
2335,2.80e-02,
2336,2.80e-02,
2337,2.80e-02,
2338,2.80e-02,
2339,2.80e-02,
2340,2.80e-02,
2341,2.80e-02,
2342,2.80e-02,
2343,2.80e-02,
2344,2.80e-02,
2345,2.80e-02,
2346,2.80e-02,
2347,2.80e-02,
2348,2.80e-02,
2349,2.80e-02,
2350,2.80e-02,
2351,2.80e-02,
2352,2.80e-02,
2353,2.80e-02,
2354,2.80e-02,
2355,2.80e-02,
2356,2.80e-02,
2357,2.80e-02,
2358,2.80e-02,
2359,2.80e-02,
2360,2.80e-02,
2361,2.80e-02,
2362,2.80e-02,
2363,2.80e-02,
2364,2.80e-02,
2365,2.80e-02,
2366,2.80e-02,
2367,2.80e-02,
2368,2.80e-02,
2369,2.80e-02,
2370,2.80e-02,
2371,2.80e-02,
2372,2.80e-02,
2373,2.80e-02,
2374,2.80e-02,
2375,2.80e-02,
2376,2.80e-02,
2377,2.80e-02,
2378,2.80e-02,
2379,2.80e-02,
2380,2.80e-02,
2381,2.80e-02,
2382,2.80e-02,
2383,2.80e-02,
2384,2.80e-02,
2385,2.80e-02,
2386,2.80e-02,
2387,2.80e-02,
2388,2.80e-02,
2389,2.80e-02,
2390,2.80e-02,
2391,2.80e-02,
2392,2.80e-02,
2393,2.80e-02,
2394,2.80e-02,
2395,2.80e-02,
2396,2.80e-02,
2397,2.80e-02,
2398,2.80e-02,
2399,2.80e-02,
2400,2.80e-02,
2401,2.80e-02,
2402,2.80e-02,
2403,2.80e-02,
2404,2.80e-02,
2405,2.80e-02,
2406,2.80e-02,
2407,2.80e-02,
2408,2.80e-02,
2409,2.80e-02,
2410,2.80e-02,
2411,2.80e-02,
2412,2.80e-02,
2413,2.80e-02,
2414,2.80e-02,
2415,2.80e-02,
2416,2.80e-02,
2417,2.80e-02,
2418,2.80e-02,
2419,2.80e-02,
2420,2.80e-02,
2421,2.80e-02,
2422,2.80e-02,
2423,2.80e-02,
2424,2.80e-02,
2425,2.80e-02,
2426,2.80e-02,
2427,2.80e-02,
2428,2.80e-02,
2429,2.80e-02,
2430,2.80e-02,
2431,2.80e-02,
2432,2.80e-02,
2433,2.80e-02,
2434,2.80e-02,
2435,2.80e-02,
2436,2.80e-02,
2437,2.80e-02,
2438,2.80e-02,
2439,2.80e-02,
2440,2.80e-02,
2441,2.80e-02,
2442,2.80e-02,
2443,2.80e-02,
2444,2.80e-02,
2445,2.80e-02,
2446,2.80e-02,
2447,2.80e-02,
2448,2.80e-02,
2449,2.80e-02,
2450,2.80e-02,
2451,2.80e-02,
2452,2.80e-02,
2453,2.80e-02,
2454,2.80e-02,
2455,2.80e-02,
2456,2.80e-02,
2457,2.80e-02,
2458,2.80e-02,
2459,2.80e-02,
2460,3.60e-02,
2461,2.80e-02,
2462,2.80e-02,
2463,2.80e-02,
2464,2.80e-02,
2465,2.80e-02,
2466,2.80e-02,
2467,2.80e-02,
2468,2.80e-02,
2469,2.80e-02,
2470,2.80e-02,
2471,2.80e-02,
2472,2.80e-02,
2473,2.80e-02,
2474,2.80e-02,
2475,2.80e-02,
2476,3.60e-02,
2477,2.80e-02,
2478,2.80e-02,
2479,2.80e-02,
2480,2.80e-02,
2481,2.80e-02,
2482,2.80e-02,
2483,2.80e-02,
2484,3.60e-02,
2485,2.80e-02,
2486,2.80e-02,
2487,2.80e-02,
2488,2.80e-02,
2489,3.60e-02,
2490,2.80e-02,
2491,2.80e-02,
2492,2.80e-02,
2493,2.80e-02,
2494,2.80e-02,
2495,2.80e-02,
2496,3.60e-02,
2497,3.60e-02,
2498,2.80e-02,
2499,2.80e-02,
2500,3.60e-02,
2501,3.60e-02,
2502,2.80e-02,
2503,2.80e-02,
2504,2.80e-02,
2505,3.60e-02,
2506,2.80e-02,
2507,2.80e-02,
2508,3.60e-02,
2509,2.80e-02,
2510,2.80e-02,
2511,2.80e-02,
2512,3.60e-02,
2513,2.80e-02,
2514,2.80e-02,
2515,2.80e-02,
2516,3.60e-02,
2517,2.80e-02,
2518,2.80e-02,
2519,2.80e-02,
2520,2.80e-02,
2521,3.60e-02,
2522,2.80e-02,
2523,3.60e-02,
2524,3.60e-02,
2525,2.80e-02,
2526,2.80e-02,
2527,2.80e-02,
2528,3.60e-02,
2529,3.60e-02,
2530,2.80e-02,
2531,3.60e-02,
2532,3.60e-02,
2533,3.60e-02,
2534,3.60e-02,
2535,3.60e-02,
2536,2.80e-02,
2537,3.60e-02,
2538,3.60e-02,
2539,2.80e-02,
2540,3.60e-02,
2541,2.80e-02,
2542,3.60e-02,
2543,3.60e-02,
2544,3.60e-02,
2545,3.60e-02,
2546,3.60e-02,
2547,3.60e-02,
2548,3.60e-02,
2549,3.60e-02,
2550,3.60e-02,
2551,3.60e-02,
2552,3.60e-02,
2553,3.60e-02,
2554,3.60e-02,
2555,3.60e-02,
2556,3.60e-02,
2557,2.80e-02,
2558,2.80e-02,
2559,2.80e-02,
2560,3.60e-02,
2561,3.60e-02,
2562,3.60e-02,
2563,3.60e-02,
2564,3.60e-02,
2565,3.60e-02,
2566,3.60e-02,
2567,3.60e-02,
2568,3.60e-02,
2569,3.60e-02,
2570,3.60e-02,
2571,3.60e-02,
2572,3.60e-02,
2573,3.60e-02,
2574,3.60e-02,
2575,2.80e-02,
2576,3.60e-02,
2577,3.60e-02,
2578,3.60e-02,
2579,3.60e-02,
2580,3.60e-02,
2581,3.60e-02,
2582,3.60e-02,
2583,3.60e-02,
2584,3.60e-02,
2585,3.60e-02,
2586,3.60e-02,
2587,3.60e-02,
2588,3.60e-02,
2589,3.60e-02,
2590,3.60e-02,
2591,2.80e-02,
2592,3.60e-02,
2593,3.60e-02,
2594,3.60e-02,
2595,3.60e-02,
2596,3.60e-02,
2597,3.60e-02,
2598,3.60e-02,
2599,3.60e-02,
2600,3.60e-02,
2601,3.60e-02,
2602,3.60e-02,
2603,3.60e-02,
2604,3.60e-02,
2605,3.60e-02,
2606,3.60e-02,
2607,2.80e-02,
2608,3.60e-02,
2609,3.60e-02,
2610,3.60e-02,
2611,3.60e-02,
2612,3.60e-02,
2613,3.60e-02,
2614,3.60e-02,
2615,3.60e-02,
2616,3.60e-02,
2617,3.60e-02,
2618,3.60e-02,
2619,3.60e-02,
2620,3.60e-02,
2621,3.60e-02,
2622,3.60e-02,
2623,3.60e-02,
2624,3.60e-02,
2625,3.60e-02,
2626,3.60e-02,
2627,3.60e-02,
2628,3.60e-02,
2629,3.60e-02,
2630,3.60e-02,
2631,3.60e-02,
2632,3.60e-02,
2633,3.60e-02,
2634,3.60e-02,
2635,3.60e-02,
2636,3.60e-02,
2637,3.60e-02,
2638,3.60e-02,
2639,3.60e-02,
2640,3.60e-02,
2641,3.60e-02,
2642,3.60e-02,
2643,3.60e-02,
2644,3.60e-02,
2645,3.60e-02,
2646,3.60e-02,
2647,3.60e-02,
2648,3.60e-02,
2649,3.60e-02,
2650,3.60e-02,
2651,3.60e-02,
2652,3.60e-02,
2653,3.60e-02,
2654,3.60e-02,
2655,3.60e-02,
2656,3.60e-02,
2657,3.60e-02,
2658,3.60e-02,
2659,3.60e-02,
2660,3.60e-02,
2661,3.60e-02,
2662,3.60e-02,
2663,3.60e-02,
2664,3.60e-02,
2665,3.60e-02,
2666,3.60e-02,
2667,3.60e-02,
2668,3.60e-02,
2669,3.60e-02,
2670,3.60e-02,
2671,3.60e-02,
2672,3.60e-02,
2673,3.60e-02,
2674,3.60e-02,
2675,3.60e-02,
2676,3.60e-02,
2677,3.60e-02,
2678,3.60e-02,
2679,3.60e-02,
2680,3.60e-02,
2681,3.60e-02,
2682,3.60e-02,
2683,3.60e-02,
2684,3.60e-02,
2685,3.60e-02,
2686,3.60e-02,
2687,3.60e-02,
2688,3.60e-02,
2689,3.60e-02,
2690,3.60e-02,
2691,3.60e-02,
2692,3.60e-02,
2693,3.60e-02,
2694,3.60e-02,
2695,3.60e-02,
2696,3.60e-02,
2697,3.60e-02,
2698,3.60e-02,
2699,3.60e-02,
2700,3.60e-02,
2701,3.60e-02,
2702,3.60e-02,
2703,3.60e-02,
2704,3.60e-02,
2705,3.60e-02,
2706,3.60e-02,
2707,3.60e-02,
2708,3.60e-02,
2709,3.60e-02,
2710,3.60e-02,
2711,3.60e-02,
2712,3.60e-02,
2713,3.60e-02,
2714,3.60e-02,
2715,3.60e-02,
2716,3.60e-02,
2717,3.60e-02,
2718,3.60e-02,
2719,3.60e-02,
2720,3.60e-02,
2721,3.60e-02,
2722,3.60e-02,
2723,3.60e-02,
2724,3.60e-02,
2725,3.60e-02,
2726,3.60e-02,
2727,3.60e-02,
2728,3.60e-02,
2729,4.40e-02,
2730,3.60e-02,
2731,3.60e-02,
2732,3.60e-02,
2733,3.60e-02,
2734,3.60e-02,
2735,3.60e-02,
2736,3.60e-02,
2737,3.60e-02,
2738,3.60e-02,
2739,3.60e-02,
2740,3.60e-02,
2741,3.60e-02,
2742,3.60e-02,
2743,3.60e-02,
2744,3.60e-02,
2745,4.40e-02,
2746,3.60e-02,
2747,3.60e-02,
2748,4.40e-02,
2749,3.60e-02,
2750,3.60e-02,
2751,3.60e-02,
2752,4.40e-02,
2753,4.40e-02,
2754,3.60e-02,
2755,4.40e-02,
2756,3.60e-02,
2757,3.60e-02,
2758,3.60e-02,
2759,3.60e-02,
2760,3.60e-02,
2761,4.40e-02,
2762,3.60e-02,
2763,4.40e-02,
2764,3.60e-02,
2765,4.40e-02,
2766,3.60e-02,
2767,3.60e-02,
2768,4.40e-02,
2769,3.60e-02,
2770,3.60e-02,
2771,4.40e-02,
2772,4.40e-02,
2773,3.60e-02,
2774,4.40e-02,
2775,3.60e-02,
2776,3.60e-02,
2777,4.40e-02,
2778,3.60e-02,
2779,3.60e-02,
2780,4.40e-02,
2781,3.60e-02,
2782,3.60e-02,
2783,3.60e-02,
2784,4.40e-02,
2785,4.40e-02,
2786,4.40e-02,
2787,4.40e-02,
2788,4.40e-02,
2789,3.60e-02,
2790,3.60e-02,
2791,4.40e-02,
2792,3.60e-02,
2793,3.60e-02,
2794,4.40e-02,
2795,4.40e-02,
2796,4.40e-02,
2797,4.40e-02,
2798,4.40e-02,
2799,3.60e-02,
2800,4.40e-02,
2801,4.40e-02,
2802,3.60e-02,
2803,3.60e-02,
2804,4.40e-02,
2805,4.40e-02,
2806,4.40e-02,
2807,4.40e-02,
2808,3.60e-02,
2809,4.40e-02,
2810,3.60e-02,
2811,4.40e-02,
2812,4.40e-02,
2813,3.60e-02,
2814,4.40e-02,
2815,3.60e-02,
2816,4.40e-02,
2817,4.40e-02,
2818,3.60e-02,
2819,4.40e-02,
2820,4.40e-02,
2821,4.40e-02,
2822,4.40e-02,
2823,4.40e-02,
2824,4.40e-02,
2825,4.40e-02,
2826,3.60e-02,
2827,4.40e-02,
2828,4.40e-02,
2829,4.40e-02,
2830,3.60e-02,
2831,3.60e-02,
2832,4.40e-02,
2833,4.40e-02,
2834,4.40e-02,
2835,4.40e-02,
2836,4.40e-02,
2837,4.40e-02,
2838,4.40e-02,
2839,4.40e-02,
2840,4.40e-02,
2841,4.40e-02,
2842,4.40e-02,
2843,4.40e-02,
2844,4.40e-02,
2845,4.40e-02,
2846,3.60e-02,
2847,3.60e-02,
2848,4.40e-02,
2849,4.40e-02,
2850,4.40e-02,
2851,4.40e-02,
2852,4.40e-02,
2853,4.40e-02,
2854,4.40e-02,
2855,4.40e-02,
2856,4.40e-02,
2857,4.40e-02,
2858,4.40e-02,
2859,4.40e-02,
2860,4.40e-02,
2861,4.40e-02,
2862,4.40e-02,
2863,4.40e-02,
2864,4.40e-02,
2865,4.40e-02,
2866,4.40e-02,
2867,4.40e-02,
2868,4.40e-02,
2869,4.40e-02,
2870,4.40e-02,
2871,4.40e-02,
2872,4.40e-02,
2873,4.40e-02,
2874,4.40e-02,
2875,4.40e-02,
2876,4.40e-02,
2877,4.40e-02,
2878,4.40e-02,
2879,4.40e-02,
2880,4.40e-02,
2881,4.40e-02,
2882,4.40e-02,
2883,4.40e-02,
2884,4.40e-02,
2885,4.40e-02,
2886,4.40e-02,
2887,4.40e-02,
2888,4.40e-02,
2889,4.40e-02,
2890,4.40e-02,
2891,4.40e-02,
2892,4.40e-02,
2893,4.40e-02,
2894,4.40e-02,
2895,4.40e-02,
2896,4.40e-02,
2897,4.40e-02,
2898,4.40e-02,
2899,4.40e-02,
2900,4.40e-02,
2901,4.40e-02,
2902,4.40e-02,
2903,4.40e-02,
2904,4.40e-02,
2905,4.40e-02,
2906,4.40e-02,
2907,4.40e-02,
2908,4.40e-02,
2909,4.40e-02,
2910,4.40e-02,
2911,4.40e-02,
2912,4.40e-02,
2913,4.40e-02,
2914,4.40e-02,
2915,4.40e-02,
2916,4.40e-02,
2917,4.40e-02,
2918,4.40e-02,
2919,4.40e-02,
2920,4.40e-02,
2921,4.40e-02,
2922,4.40e-02,
2923,4.40e-02,
2924,4.40e-02,
2925,4.40e-02,
2926,4.40e-02,
2927,4.40e-02,
2928,4.40e-02,
2929,4.40e-02,
2930,4.40e-02,
2931,4.40e-02,
2932,4.40e-02,
2933,4.40e-02,
2934,4.40e-02,
2935,4.40e-02,
2936,4.40e-02,
2937,4.40e-02,
2938,4.40e-02,
2939,4.40e-02,
2940,4.40e-02,
2941,4.40e-02,
2942,4.40e-02,
2943,4.40e-02,
2944,4.40e-02,
2945,4.40e-02,
2946,4.40e-02,
2947,4.40e-02,
2948,4.40e-02,
2949,4.40e-02,
2950,4.40e-02,
2951,4.40e-02,
2952,4.40e-02,
2953,4.40e-02,
2954,4.40e-02,
2955,4.40e-02,
2956,4.40e-02,
2957,4.40e-02,
2958,4.40e-02,
2959,4.40e-02,
2960,4.40e-02,
2961,4.40e-02,
2962,4.40e-02,
2963,4.40e-02,
2964,4.40e-02,
2965,4.40e-02,
2966,4.40e-02,
2967,4.40e-02,
2968,4.40e-02,
2969,4.40e-02,
2970,4.40e-02,
2971,4.40e-02,
2972,4.40e-02,
2973,4.40e-02,
2974,4.40e-02,
2975,4.40e-02,
2976,4.40e-02,
2977,4.40e-02,
2978,4.40e-02,
2979,4.40e-02,
2980,4.40e-02,
2981,4.40e-02,
2982,4.40e-02,
2983,4.40e-02,
2984,4.40e-02,
2985,4.40e-02,
2986,4.40e-02,
2987,4.40e-02,
2988,5.20e-02,
2989,4.40e-02,
2990,4.40e-02,
2991,4.40e-02,
2992,5.20e-02,
2993,4.40e-02,
2994,4.40e-02,
2995,4.40e-02,
2996,4.40e-02,
2997,4.40e-02,
2998,4.40e-02,
2999,4.40e-02,
3000,4.40e-02,
3001,4.40e-02,
3002,4.40e-02,
3003,4.40e-02,
3004,5.20e-02,
3005,4.40e-02,
3006,4.40e-02,
3007,4.40e-02,
3008,5.20e-02,
3009,4.40e-02,
3010,4.40e-02,
3011,4.40e-02,
3012,4.40e-02,
3013,4.40e-02,
3014,4.40e-02,
3015,4.40e-02,
3016,4.40e-02,
3017,5.20e-02,
3018,4.40e-02,
3019,5.20e-02,
3020,5.20e-02,
3021,4.40e-02,
3022,4.40e-02,
3023,4.40e-02,
3024,4.40e-02,
3025,4.40e-02,
3026,4.40e-02,
3027,4.40e-02,
3028,5.20e-02,
3029,4.40e-02,
3030,4.40e-02,
3031,4.40e-02,
3032,4.40e-02,
3033,5.20e-02,
3034,4.40e-02,
3035,5.20e-02,
3036,5.20e-02,
3037,4.40e-02,
3038,4.40e-02,
3039,4.40e-02,
3040,5.20e-02,
3041,5.20e-02,
3042,4.40e-02,
3043,4.40e-02,
3044,5.20e-02,
3045,5.20e-02,
3046,4.40e-02,
3047,4.40e-02,
3048,4.40e-02,
3049,5.20e-02,
3050,4.40e-02,
3051,5.20e-02,
3052,5.20e-02,
3053,4.40e-02,
3054,5.20e-02,
3055,4.40e-02,
3056,5.20e-02,
3057,5.20e-02,
3058,4.40e-02,
3059,5.20e-02,
3060,5.20e-02,
3061,5.20e-02,
3062,5.20e-02,
3063,4.40e-02,
3064,5.20e-02,
3065,5.20e-02,
3066,4.40e-02,
3067,5.20e-02,
3068,5.20e-02,
3069,4.40e-02,
3070,5.20e-02,
3071,5.20e-02,
3072,5.20e-02,
3073,5.20e-02,
3074,5.20e-02,
3075,5.20e-02,
3076,5.20e-02,
3077,5.20e-02,
3078,5.20e-02,
3079,5.20e-02,
3080,5.20e-02,
3081,5.20e-02,
3082,5.20e-02,
3083,5.20e-02,
3084,5.20e-02,
3085,5.20e-02,
3086,5.20e-02,
3087,4.40e-02,
3088,5.20e-02,
3089,5.20e-02,
3090,5.20e-02,
3091,5.20e-02,
3092,5.20e-02,
3093,5.20e-02,
3094,5.20e-02,
3095,5.20e-02,
3096,5.20e-02,
3097,5.20e-02,
3098,5.20e-02,
3099,5.20e-02,
3100,5.20e-02,
3101,5.20e-02,
3102,5.20e-02,
3103,4.40e-02,
3104,5.20e-02,
3105,5.20e-02,
3106,5.20e-02,
3107,5.20e-02,
3108,5.20e-02,
3109,5.20e-02,
3110,5.20e-02,
3111,5.20e-02,
3112,5.20e-02,
3113,5.20e-02,
3114,5.20e-02,
3115,5.20e-02,
3116,5.20e-02,
3117,5.20e-02,
3118,5.20e-02,
3119,5.20e-02,
3120,5.20e-02,
3121,5.20e-02,
3122,5.20e-02,
3123,5.20e-02,
3124,5.20e-02,
3125,5.20e-02,
3126,5.20e-02,
3127,5.20e-02,
3128,5.20e-02,
3129,5.20e-02,
3130,5.20e-02,
3131,5.20e-02,
3132,5.20e-02,
3133,5.20e-02,
3134,5.20e-02,
3135,5.20e-02,
3136,5.20e-02,
3137,5.20e-02,
3138,5.20e-02,
3139,5.20e-02,
3140,5.20e-02,
3141,5.20e-02,
3142,5.20e-02,
3143,5.20e-02,
3144,5.20e-02,
3145,5.20e-02,
3146,5.20e-02,
3147,5.20e-02,
3148,5.20e-02,
3149,5.20e-02,
3150,5.20e-02,
3151,5.20e-02,
3152,5.20e-02,
3153,5.20e-02,
3154,5.20e-02,
3155,5.20e-02,
3156,5.20e-02,
3157,5.20e-02,
3158,5.20e-02,
3159,5.20e-02,
3160,5.20e-02,
3161,5.20e-02,
3162,5.20e-02,
3163,5.20e-02,
3164,5.20e-02,
3165,5.20e-02,
3166,5.20e-02,
3167,5.20e-02,
3168,5.20e-02,
3169,5.20e-02,
3170,5.20e-02,
3171,5.20e-02,
3172,5.20e-02,
3173,5.20e-02,
3174,5.20e-02,
3175,5.20e-02,
3176,5.20e-02,
3177,5.20e-02,
3178,5.20e-02,
3179,5.20e-02,
3180,5.20e-02,
3181,5.20e-02,
3182,5.20e-02,
3183,5.20e-02,
3184,5.20e-02,
3185,5.20e-02,
3186,5.20e-02,
3187,5.20e-02,
3188,5.20e-02,
3189,5.20e-02,
3190,5.20e-02,
3191,5.20e-02,
3192,5.20e-02,
3193,5.20e-02,
3194,5.20e-02,
3195,5.20e-02,
3196,5.20e-02,
3197,5.20e-02,
3198,5.20e-02,
3199,5.20e-02,
3200,5.20e-02,
3201,5.20e-02,
3202,5.20e-02,
3203,5.20e-02,
3204,5.20e-02,
3205,5.20e-02,
3206,5.20e-02,
3207,5.20e-02,
3208,5.20e-02,
3209,5.20e-02,
3210,5.20e-02,
3211,5.20e-02,
3212,5.20e-02,
3213,5.20e-02,
3214,5.20e-02,
3215,5.20e-02,
3216,5.20e-02,
3217,5.20e-02,
3218,5.20e-02,
3219,5.20e-02,
3220,5.20e-02,
3221,5.20e-02,
3222,5.20e-02,
3223,5.20e-02,
3224,5.20e-02,
3225,5.20e-02,
3226,5.20e-02,
3227,5.20e-02,
3228,5.20e-02,
3229,5.20e-02,
3230,5.20e-02,
3231,5.20e-02,
3232,5.20e-02,
3233,5.20e-02,
3234,5.20e-02,
3235,5.20e-02,
3236,5.20e-02,
3237,5.20e-02,
3238,5.20e-02,
3239,5.20e-02,
3240,5.20e-02,
3241,5.20e-02,
3242,5.20e-02,
3243,5.20e-02,
3244,5.20e-02,
3245,5.20e-02,
3246,5.20e-02,
3247,5.20e-02,
3248,5.20e-02,
3249,5.20e-02,
3250,5.20e-02,
3251,5.20e-02,
3252,5.20e-02,
3253,5.20e-02,
3254,5.20e-02,
3255,5.20e-02,
3256,5.20e-02,
3257,5.20e-02,
3258,5.20e-02,
3259,5.20e-02,
3260,6.80e-02,
3261,5.20e-02,
3262,5.20e-02,
3263,5.20e-02,
3264,5.20e-02,
3265,5.20e-02,
3266,5.20e-02,
3267,5.20e-02,
3268,5.20e-02,
3269,5.20e-02,
3270,5.20e-02,
3271,5.20e-02,
3272,5.20e-02,
3273,5.20e-02,
3274,5.20e-02,
3275,6.80e-02,
3276,6.80e-02,
3277,5.20e-02,
3278,5.20e-02,
3279,5.20e-02,
3280,5.20e-02,
3281,5.20e-02,
3282,5.20e-02,
3283,5.20e-02,
3284,5.20e-02,
3285,6.80e-02,
3286,6.80e-02,
3287,5.20e-02,
3288,5.20e-02,
3289,5.20e-02,
3290,5.20e-02,
3291,6.80e-02,
3292,6.80e-02,
3293,6.80e-02,
3294,5.20e-02,
3295,5.20e-02,
3296,6.80e-02,
3297,5.20e-02,
3298,5.20e-02,
3299,6.80e-02,
3300,6.80e-02,
3301,5.20e-02,
3302,5.20e-02,
3303,6.80e-02,
3304,5.20e-02,
3305,6.80e-02,
3306,5.20e-02,
3307,5.20e-02,
3308,5.20e-02,
3309,5.20e-02,
3310,5.20e-02,
3311,5.20e-02,
3312,6.80e-02,
3313,6.80e-02,
3314,5.20e-02,
3315,6.80e-02,
3316,6.80e-02,
3317,5.20e-02,
3318,6.80e-02,
3319,5.20e-02,
3320,6.80e-02,
3321,5.20e-02,
3322,5.20e-02,
3323,6.80e-02,
3324,6.80e-02,
3325,6.80e-02,
3326,6.80e-02,
3327,5.20e-02,
3328,5.20e-02,
3329,6.80e-02,
3330,5.20e-02,
3331,6.80e-02,
3332,6.80e-02,
3333,6.80e-02,
3334,6.80e-02,
3335,5.20e-02,
3336,6.80e-02,
3337,6.80e-02,
3338,5.20e-02,
3339,6.80e-02,
3340,6.80e-02,
3341,6.80e-02,
3342,5.20e-02,
3343,5.20e-02,
3344,6.80e-02,
3345,6.80e-02,
3346,6.80e-02,
3347,6.80e-02,
3348,6.80e-02,
3349,6.80e-02,
3350,5.20e-02,
3351,6.80e-02,
3352,6.80e-02,
3353,6.80e-02,
3354,6.80e-02,
3355,6.80e-02,
3356,6.80e-02,
3357,6.80e-02,
3358,6.80e-02,
3359,5.20e-02,
3360,6.80e-02,
3361,6.80e-02,
3362,6.80e-02,
3363,6.80e-02,
3364,6.80e-02,
3365,6.80e-02,
3366,6.80e-02,
3367,5.20e-02,
3368,6.80e-02,
3369,6.80e-02,
3370,6.80e-02,
3371,6.80e-02,
3372,6.80e-02,
3373,6.80e-02,
3374,5.20e-02,
3375,5.20e-02,
3376,6.80e-02,
3377,6.80e-02,
3378,6.80e-02,
3379,6.80e-02,
3380,6.80e-02,
3381,6.80e-02,
3382,6.80e-02,
3383,6.80e-02,
3384,6.80e-02,
3385,6.80e-02,
3386,6.80e-02,
3387,6.80e-02,
3388,6.80e-02,
3389,6.80e-02,
3390,6.80e-02,
3391,6.80e-02,
3392,6.80e-02,
3393,6.80e-02,
3394,6.80e-02,
3395,6.80e-02,
3396,6.80e-02,
3397,6.80e-02,
3398,6.80e-02,
3399,6.80e-02,
3400,6.80e-02,
3401,6.80e-02,
3402,6.80e-02,
3403,6.80e-02,
3404,6.80e-02,
3405,6.80e-02,
3406,6.80e-02,
3407,6.80e-02,
3408,6.80e-02,
3409,6.80e-02,
3410,6.80e-02,
3411,6.80e-02,
3412,6.80e-02,
3413,6.80e-02,
3414,6.80e-02,
3415,6.80e-02,
3416,6.80e-02,
3417,6.80e-02,
3418,6.80e-02,
3419,6.80e-02,
3420,6.80e-02,
3421,6.80e-02,
3422,6.80e-02,
3423,6.80e-02,
3424,6.80e-02,
3425,6.80e-02,
3426,6.80e-02,
3427,6.80e-02,
3428,6.80e-02,
3429,6.80e-02,
3430,6.80e-02,
3431,6.80e-02,
3432,6.80e-02,
3433,6.80e-02,
3434,6.80e-02,
3435,6.80e-02,
3436,6.80e-02,
3437,6.80e-02,
3438,6.80e-02,
3439,6.80e-02,
3440,6.80e-02,
3441,6.80e-02,
3442,6.80e-02,
3443,6.80e-02,
3444,6.80e-02,
3445,6.80e-02,
3446,6.80e-02,
3447,6.80e-02,
3448,6.80e-02,
3449,6.80e-02,
3450,6.80e-02,
3451,6.80e-02,
3452,6.80e-02,
3453,6.80e-02,
3454,6.80e-02,
3455,6.80e-02,
3456,6.80e-02,
3457,6.80e-02,
3458,6.80e-02,
3459,6.80e-02,
3460,6.80e-02,
3461,6.80e-02,
3462,6.80e-02,
3463,6.80e-02,
3464,6.80e-02,
3465,6.80e-02,
3466,6.80e-02,
3467,6.80e-02,
3468,6.80e-02,
3469,6.80e-02,
3470,6.80e-02,
3471,6.80e-02,
3472,6.80e-02,
3473,6.80e-02,
3474,6.80e-02,
3475,6.80e-02,
3476,6.80e-02,
3477,6.80e-02,
3478,6.80e-02,
3479,6.80e-02,
3480,6.80e-02,
3481,6.80e-02,
3482,6.80e-02,
3483,6.80e-02,
3484,6.80e-02,
3485,6.80e-02,
3486,6.80e-02,
3487,6.80e-02,
3488,6.80e-02,
3489,6.80e-02,
3490,6.80e-02,
3491,6.80e-02,
3492,6.80e-02,
3493,6.80e-02,
3494,6.80e-02,
3495,6.80e-02,
3496,6.80e-02,
3497,6.80e-02,
3498,6.80e-02,
3499,6.80e-02,
3500,7.60e-02,
3501,6.80e-02,
3502,6.80e-02,
3503,6.80e-02,
3504,6.80e-02,
3505,6.80e-02,
3506,6.80e-02,
3507,6.80e-02,
3508,6.80e-02,
3509,6.80e-02,
3510,6.80e-02,
3511,6.80e-02,
3512,6.80e-02,
3513,6.80e-02,
3514,6.80e-02,
3515,7.60e-02,
3516,7.60e-02,
3517,6.80e-02,
3518,6.80e-02,
3519,6.80e-02,
3520,6.80e-02,
3521,7.60e-02,
3522,6.80e-02,
3523,6.80e-02,
3524,7.60e-02,
3525,6.80e-02,
3526,7.60e-02,
3527,6.80e-02,
3528,6.80e-02,
3529,6.80e-02,
3530,6.80e-02,
3531,6.80e-02,
3532,7.60e-02,
3533,6.80e-02,
3534,6.80e-02,
3535,6.80e-02,
3536,6.80e-02,
3537,6.80e-02,
3538,6.80e-02,
3539,6.80e-02,
3540,7.60e-02,
3541,6.80e-02,
3542,6.80e-02,
3543,6.80e-02,
3544,6.80e-02,
3545,6.80e-02,
3546,6.80e-02,
3547,7.60e-02,
3548,7.60e-02,
3549,6.80e-02,
3550,6.80e-02,
3551,6.80e-02,
3552,6.80e-02,
3553,7.60e-02,
3554,6.80e-02,
3555,6.80e-02,
3556,7.60e-02,
3557,6.80e-02,
3558,7.60e-02,
3559,6.80e-02,
3560,6.80e-02,
3561,7.60e-02,
3562,6.80e-02,
3563,6.80e-02,
3564,7.60e-02,
3565,7.60e-02,
3566,6.80e-02,
3567,6.80e-02,
3568,6.80e-02,
3569,6.80e-02,
3570,6.80e-02,
3571,6.80e-02,
3572,7.60e-02,
3573,7.60e-02,
3574,6.80e-02,
3575,6.80e-02,
3576,6.80e-02,
3577,7.60e-02,
3578,6.80e-02,
3579,7.60e-02,
3580,7.60e-02,
3581,6.80e-02,
3582,6.80e-02,
3583,6.80e-02,
3584,7.60e-02,
3585,6.80e-02,
3586,6.80e-02,
3587,7.60e-02,
3588,7.60e-02,
3589,6.80e-02,
3590,7.60e-02,
3591,6.80e-02,
3592,6.80e-02,
3593,7.60e-02,
3594,6.80e-02,
3595,7.60e-02,
3596,7.60e-02,
3597,7.60e-02,
3598,6.80e-02,
3599,6.80e-02,
3600,6.80e-02,
3601,6.80e-02,
3602,6.80e-02,
3603,6.80e-02,
3604,7.60e-02,
3605,6.80e-02,
3606,7.60e-02,
3607,7.60e-02,
3608,7.60e-02,
3609,7.60e-02,
3610,7.60e-02,
3611,7.60e-02,
3612,7.60e-02,
3613,6.80e-02,
3614,6.80e-02,
3615,6.80e-02,
3616,7.60e-02,
3617,7.60e-02,
3618,6.80e-02,
3619,7.60e-02,
3620,7.60e-02,
3621,7.60e-02,
3622,7.60e-02,
3623,7.60e-02,
3624,7.60e-02,
3625,7.60e-02,
3626,7.60e-02,
3627,7.60e-02,
3628,7.60e-02,
3629,7.60e-02,
3630,7.60e-02,
3631,7.60e-02,
3632,7.60e-02,
3633,7.60e-02,
3634,7.60e-02,
3635,7.60e-02,
3636,7.60e-02,
3637,7.60e-02,
3638,7.60e-02,
3639,6.80e-02,
3640,7.60e-02,
3641,7.60e-02,
3642,7.60e-02,
3643,7.60e-02,
3644,7.60e-02,
3645,7.60e-02,
3646,7.60e-02,
3647,7.60e-02,
3648,7.60e-02,
3649,7.60e-02,
3650,7.60e-02,
3651,7.60e-02,
3652,7.60e-02,
3653,7.60e-02,
3654,7.60e-02,
3655,7.60e-02,
3656,7.60e-02,
3657,7.60e-02,
3658,7.60e-02,
3659,7.60e-02,
3660,7.60e-02,
3661,7.60e-02,
3662,7.60e-02,
3663,7.60e-02,
3664,7.60e-02,
3665,7.60e-02,
3666,7.60e-02,
3667,7.60e-02,
3668,7.60e-02,
3669,7.60e-02,
3670,7.60e-02,
3671,7.60e-02,
3672,7.60e-02,
3673,7.60e-02,
3674,7.60e-02,
3675,7.60e-02,
3676,7.60e-02,
3677,7.60e-02,
3678,7.60e-02,
3679,7.60e-02,
3680,7.60e-02,
3681,7.60e-02,
3682,7.60e-02,
3683,7.60e-02,
3684,7.60e-02,
3685,7.60e-02,
3686,7.60e-02,
3687,7.60e-02,
3688,7.60e-02,
3689,7.60e-02,
3690,7.60e-02,
3691,7.60e-02,
3692,7.60e-02,
3693,7.60e-02,
3694,7.60e-02,
3695,7.60e-02,
3696,7.60e-02,
3697,7.60e-02,
3698,7.60e-02,
3699,7.60e-02,
3700,7.60e-02,
3701,7.60e-02,
3702,7.60e-02,
3703,7.60e-02,
3704,7.60e-02,
3705,7.60e-02,
3706,7.60e-02,
3707,7.60e-02,
3708,7.60e-02,
3709,7.60e-02,
3710,7.60e-02,
3711,7.60e-02,
3712,7.60e-02,
3713,7.60e-02,
3714,7.60e-02,
3715,7.60e-02,
3716,7.60e-02,
3717,7.60e-02,
3718,7.60e-02,
3719,7.60e-02,
3720,7.60e-02,
3721,7.60e-02,
3722,7.60e-02,
3723,7.60e-02,
3724,7.60e-02,
3725,7.60e-02,
3726,7.60e-02,
3727,7.60e-02,
3728,7.60e-02,
3729,7.60e-02,
3730,7.60e-02,
3731,7.60e-02,
3732,7.60e-02,
3733,7.60e-02,
3734,7.60e-02,
3735,7.60e-02,
3736,7.60e-02,
3737,7.60e-02,
3738,7.60e-02,
3739,7.60e-02,
3740,7.60e-02,
3741,7.60e-02,
3742,7.60e-02,
3743,7.60e-02,
3744,7.60e-02,
3745,7.60e-02,
3746,7.60e-02,
3747,7.60e-02,
3748,7.60e-02,
3749,7.60e-02,
3750,7.60e-02,
3751,7.60e-02,
3752,7.60e-02,
3753,7.60e-02,
3754,7.60e-02,
3755,7.60e-02,
3756,7.60e-02,
3757,7.60e-02,
3758,7.60e-02,
3759,7.60e-02,
3760,8.40e-02,
3761,7.60e-02,
3762,7.60e-02,
3763,7.60e-02,
3764,7.60e-02,
3765,7.60e-02,
3766,7.60e-02,
3767,7.60e-02,
3768,7.60e-02,
3769,7.60e-02,
3770,7.60e-02,
3771,7.60e-02,
3772,8.40e-02,
3773,7.60e-02,
3774,7.60e-02,
3775,7.60e-02,
3776,7.60e-02,
3777,7.60e-02,
3778,7.60e-02,
3779,7.60e-02,
3780,8.40e-02,
3781,7.60e-02,
3782,7.60e-02,
3783,7.60e-02,
3784,7.60e-02,
3785,7.60e-02,
3786,7.60e-02,
3787,7.60e-02,
3788,7.60e-02,
3789,7.60e-02,
3790,7.60e-02,
3791,7.60e-02,
3792,8.40e-02,
3793,7.60e-02,
3794,7.60e-02,
3795,7.60e-02,
3796,7.60e-02,
3797,7.60e-02,
3798,7.60e-02,
3799,7.60e-02,
3800,7.60e-02,
3801,7.60e-02,
3802,7.60e-02,
3803,7.60e-02,
3804,8.40e-02,
3805,7.60e-02,
3806,7.60e-02,
3807,7.60e-02,
3808,7.60e-02,
3809,7.60e-02,
3810,7.60e-02,
3811,7.60e-02,
3812,7.60e-02,
3813,7.60e-02,
3814,7.60e-02,
3815,7.60e-02,
3816,7.60e-02,
3817,7.60e-02,
3818,7.60e-02,
3819,8.40e-02,
3820,8.40e-02,
3821,7.60e-02,
3822,7.60e-02,
3823,7.60e-02,
3824,7.60e-02,
3825,7.60e-02,
3826,7.60e-02,
3827,7.60e-02,
3828,7.60e-02,
3829,7.60e-02,
3830,7.60e-02,
3831,7.60e-02,
3832,8.40e-02,
3833,8.40e-02,
3834,7.60e-02,
3835,7.60e-02,
3836,8.40e-02,
3837,7.60e-02,
3838,8.40e-02,
3839,7.60e-02,
3840,8.40e-02,
3841,8.40e-02,
3842,7.60e-02,
3843,7.60e-02,
3844,8.40e-02,
3845,7.60e-02,
3846,7.60e-02,
3847,7.60e-02,
3848,7.60e-02,
3849,8.40e-02,
3850,7.60e-02,
3851,8.40e-02,
3852,8.40e-02,
3853,7.60e-02,
3854,8.40e-02,
3855,7.60e-02,
3856,8.40e-02,
3857,8.40e-02,
3858,7.60e-02,
3859,8.40e-02,
3860,8.40e-02,
3861,8.40e-02,
3862,8.40e-02,
3863,8.40e-02,
3864,8.40e-02,
3865,8.40e-02,
3866,8.40e-02,
3867,8.40e-02,
3868,8.40e-02,
3869,7.60e-02,
3870,8.40e-02,
3871,7.60e-02,
3872,8.40e-02,
3873,8.40e-02,
3874,8.40e-02,
3875,8.40e-02,
3876,8.40e-02,
3877,8.40e-02,
3878,8.40e-02,
3879,8.40e-02,
3880,8.40e-02,
3881,8.40e-02,
3882,7.60e-02,
3883,8.40e-02,
3884,8.40e-02,
3885,8.40e-02,
3886,8.40e-02,
3887,8.40e-02,
3888,8.40e-02,
3889,8.40e-02,
3890,8.40e-02,
3891,8.40e-02,
3892,8.40e-02,
3893,8.40e-02,
3894,8.40e-02,
3895,8.40e-02,
3896,8.40e-02,
3897,8.40e-02,
3898,8.40e-02,
3899,8.40e-02,
3900,8.40e-02,
3901,8.40e-02,
3902,8.40e-02,
3903,8.40e-02,
3904,8.40e-02,
3905,8.40e-02,
3906,8.40e-02,
3907,8.40e-02,
3908,8.40e-02,
3909,8.40e-02,
3910,8.40e-02,
3911,8.40e-02,
3912,8.40e-02,
3913,8.40e-02,
3914,8.40e-02,
3915,8.40e-02,
3916,8.40e-02,
3917,8.40e-02,
3918,8.40e-02,
3919,8.40e-02,
3920,8.40e-02,
3921,8.40e-02,
3922,8.40e-02,
3923,8.40e-02,
3924,8.40e-02,
3925,8.40e-02,
3926,8.40e-02,
3927,8.40e-02,
3928,8.40e-02,
3929,8.40e-02,
3930,8.40e-02,
3931,8.40e-02,
3932,8.40e-02,
3933,8.40e-02,
3934,8.40e-02,
3935,8.40e-02,
3936,8.40e-02,
3937,8.40e-02,
3938,8.40e-02,
3939,8.40e-02,
3940,8.40e-02,
3941,8.40e-02,
3942,8.40e-02,
3943,8.40e-02,
3944,8.40e-02,
3945,8.40e-02,
3946,8.40e-02,
3947,8.40e-02,
3948,8.40e-02,
3949,8.40e-02,
3950,8.40e-02,
3951,8.40e-02,
3952,8.40e-02,
3953,8.40e-02,
3954,8.40e-02,
3955,8.40e-02,
3956,8.40e-02,
3957,8.40e-02,
3958,8.40e-02,
3959,8.40e-02,
3960,8.40e-02,
3961,8.40e-02,
3962,8.40e-02,
3963,8.40e-02,
3964,8.40e-02,
3965,8.40e-02,
3966,8.40e-02,
3967,8.40e-02,
3968,8.40e-02,
3969,8.40e-02,
3970,8.40e-02,
3971,8.40e-02,
3972,8.40e-02,
3973,8.40e-02,
3974,8.40e-02,
3975,8.40e-02,
3976,8.40e-02,
3977,8.40e-02,
3978,8.40e-02,
3979,8.40e-02,
3980,8.40e-02,
3981,8.40e-02,
3982,8.40e-02,
3983,8.40e-02,
3984,8.40e-02,
3985,8.40e-02,
3986,8.40e-02,
3987,8.40e-02,
3988,8.40e-02,
3989,8.40e-02,
3990,8.40e-02,
3991,8.40e-02,
3992,8.40e-02,
3993,8.40e-02,
3994,8.40e-02,
3995,8.40e-02,
3996,8.40e-02,
3997,8.40e-02,
3998,8.40e-02,
3999,8.40e-02,
4000,8.40e-02,
4001,8.40e-02,
4002,8.40e-02,
4003,8.40e-02,
4004,8.40e-02,
4005,8.40e-02,
4006,8.40e-02,
4007,8.40e-02,
4008,8.40e-02,
4009,8.40e-02,
4010,8.40e-02,
4011,8.40e-02,
4012,8.40e-02,
4013,8.40e-02,
4014,8.40e-02,
4015,8.40e-02,
4016,8.40e-02,
4017,8.40e-02,
4018,8.40e-02,
4019,8.40e-02,
4020,8.40e-02,
4021,8.40e-02,
4022,8.40e-02,
4023,8.40e-02,
4024,8.40e-02,
4025,8.40e-02,
4026,8.40e-02,
4027,8.40e-02,
4028,9.20e-02,
4029,8.40e-02,
4030,8.40e-02,
4031,8.40e-02,
4032,8.40e-02,
4033,8.40e-02,
4034,8.40e-02,
4035,8.40e-02,
4036,8.40e-02,
4037,8.40e-02,
4038,8.40e-02,
4039,8.40e-02,
4040,8.40e-02,
4041,8.40e-02,
4042,8.40e-02,
4043,8.40e-02,
4044,9.20e-02,
4045,8.40e-02,
4046,8.40e-02,
4047,8.40e-02,
4048,8.40e-02,
4049,8.40e-02,
4050,8.40e-02,
4051,8.40e-02,
4052,8.40e-02,
4053,8.40e-02,
4054,9.20e-02,
4055,8.40e-02,
4056,9.20e-02,
4057,8.40e-02,
4058,8.40e-02,
4059,8.40e-02,
4060,8.40e-02,
4061,8.40e-02,
4062,8.40e-02,
4063,8.40e-02,
4064,8.40e-02,
4065,8.40e-02,
4066,8.40e-02,
4067,8.40e-02,
4068,8.40e-02,
4069,8.40e-02,
4070,9.20e-02,
4071,8.40e-02,
4072,8.40e-02,
4073,9.20e-02,
4074,8.40e-02,
4075,8.40e-02,
4076,9.20e-02,
4077,8.40e-02,
4078,8.40e-02,
4079,8.40e-02,
4080,9.20e-02,
4081,8.40e-02,
4082,8.40e-02,
4083,8.40e-02,
4084,9.20e-02,
4085,8.40e-02,
4086,9.20e-02,
4087,8.40e-02,
4088,8.40e-02,
4089,9.20e-02,
4090,8.40e-02,
4091,9.20e-02,
4092,9.20e-02,
4093,8.40e-02,
4094,8.40e-02,
4095,8.40e-02,
4096,9.20e-02,
4097,8.40e-02,
4098,8.40e-02,
4099,8.40e-02,
4100,9.20e-02,
4101,8.40e-02,
4102,9.20e-02,
4103,8.40e-02,
4104,8.40e-02,
4105,9.20e-02,
4106,9.20e-02,
4107,9.20e-02,
4108,9.20e-02,
4109,8.40e-02,
4110,9.20e-02,
4111,8.40e-02,
4112,9.20e-02,
4113,9.20e-02,
4114,8.40e-02,
4115,9.20e-02,
4116,9.20e-02,
4117,9.20e-02,
4118,9.20e-02,
4119,8.40e-02,
4120,8.40e-02,
4121,8.40e-02,
4122,8.40e-02,
4123,7.60e-02,
4124,6.80e-02,
4125,5.20e-02,
4126,4.40e-02,
4127,2.80e-02,
4128,1.20e-02,
4129,4.00e-03,
4130,-1.20e-02,
4131,-1.20e-02,
4132,-1.20e-02,
4133,-1.20e-02,
4134,-1.20e-02,
4135,-4.00e-03,
4136,4.00e-03,
4137,1.20e-02,
4138,2.80e-02,
4139,3.60e-02,
4140,4.40e-02,
4141,4.40e-02,
4142,5.20e-02,
4143,5.20e-02,
4144,5.20e-02,
4145,6.80e-02,
4146,6.80e-02,
4147,6.80e-02,
4148,6.80e-02,
4149,6.80e-02,
4150,6.80e-02,
4151,6.80e-02,
4152,6.80e-02,
4153,7.60e-02,
4154,6.80e-02,
4155,7.60e-02,
4156,7.60e-02,
4157,6.80e-02,
4158,7.60e-02,
4159,6.80e-02,
4160,7.60e-02,
4161,7.60e-02,
4162,7.60e-02,
4163,7.60e-02,
4164,7.60e-02,
4165,7.60e-02,
4166,7.60e-02,
4167,7.60e-02,
4168,7.60e-02,
4169,7.60e-02,
4170,7.60e-02,
4171,7.60e-02,
4172,7.60e-02,
4173,7.60e-02,
4174,7.60e-02,
4175,7.60e-02,
4176,7.60e-02,
4177,7.60e-02,
4178,7.60e-02,
4179,7.60e-02,
4180,7.60e-02,
4181,7.60e-02,
4182,7.60e-02,
4183,7.60e-02,
4184,7.60e-02,
4185,7.60e-02,
4186,7.60e-02,
4187,7.60e-02,
4188,7.60e-02,
4189,7.60e-02,
4190,7.60e-02,
4191,7.60e-02,
4192,7.60e-02,
4193,8.40e-02,
4194,7.60e-02,
4195,8.40e-02,
4196,8.40e-02,
4197,8.40e-02,
4198,8.40e-02,
4199,7.60e-02,
4200,8.40e-02,
4201,8.40e-02,
4202,8.40e-02,
4203,8.40e-02,
4204,8.40e-02,
4205,8.40e-02,
4206,7.60e-02,
4207,7.60e-02,
4208,8.40e-02,
4209,8.40e-02,
4210,8.40e-02,
4211,8.40e-02,
4212,8.40e-02,
4213,8.40e-02,
4214,8.40e-02,
4215,8.40e-02,
4216,8.40e-02,
4217,8.40e-02,
4218,8.40e-02,
4219,8.40e-02,
4220,8.40e-02,
4221,8.40e-02,
4222,8.40e-02,
4223,8.40e-02,
4224,8.40e-02,
4225,8.40e-02,
4226,8.40e-02,
4227,8.40e-02,
4228,8.40e-02,
4229,8.40e-02,
4230,8.40e-02,
4231,8.40e-02,
4232,8.40e-02,
4233,8.40e-02,
4234,8.40e-02,
4235,8.40e-02,
4236,8.40e-02,
4237,8.40e-02,
4238,8.40e-02,
4239,8.40e-02,
4240,8.40e-02,
4241,8.40e-02,
4242,8.40e-02,
4243,8.40e-02,
4244,8.40e-02,
4245,8.40e-02,
4246,8.40e-02,
4247,8.40e-02,
4248,8.40e-02,
4249,8.40e-02,
4250,8.40e-02,
4251,8.40e-02,
4252,8.40e-02,
4253,8.40e-02,
4254,8.40e-02,
4255,8.40e-02,
4256,8.40e-02,
4257,8.40e-02,
4258,8.40e-02,
4259,8.40e-02,
4260,8.40e-02,
4261,8.40e-02,
4262,8.40e-02,
4263,8.40e-02,
4264,8.40e-02,
4265,8.40e-02,
4266,8.40e-02,
4267,8.40e-02,
4268,9.20e-02,
4269,8.40e-02,
4270,8.40e-02,
4271,8.40e-02,
4272,8.40e-02,
4273,8.40e-02,
4274,8.40e-02,
4275,8.40e-02,
4276,8.40e-02,
4277,9.20e-02,
4278,9.20e-02,
4279,8.40e-02,
4280,8.40e-02,
4281,8.40e-02,
4282,8.40e-02,
4283,8.40e-02,
4284,9.20e-02,
4285,8.40e-02,
4286,9.20e-02,
4287,8.40e-02,
4288,9.20e-02,
4289,9.20e-02,
4290,8.40e-02,
4291,8.40e-02,
4292,8.40e-02,
4293,8.40e-02,
4294,9.20e-02,
4295,8.40e-02,
4296,9.20e-02,
4297,9.20e-02,
4298,9.20e-02,
4299,9.20e-02,
4300,9.20e-02,
4301,8.40e-02,
4302,8.40e-02,
4303,8.40e-02,
4304,9.20e-02,
4305,9.20e-02,
4306,9.20e-02,
4307,9.20e-02,
4308,9.20e-02,
4309,9.20e-02,
4310,9.20e-02,
4311,9.20e-02,
4312,9.20e-02,
4313,9.20e-02,
4314,8.40e-02,
4315,9.20e-02,
4316,9.20e-02,
4317,9.20e-02,
4318,8.40e-02,
4319,9.20e-02,
4320,9.20e-02,
4321,9.20e-02,
4322,9.20e-02,
4323,9.20e-02,
4324,9.20e-02,
4325,9.20e-02,
4326,9.20e-02,
4327,9.20e-02,
4328,9.20e-02,
4329,9.20e-02,
4330,9.20e-02,
4331,9.20e-02,
4332,9.20e-02,
4333,9.20e-02,
4334,9.20e-02,
4335,8.40e-02,
4336,9.20e-02,
4337,9.20e-02,
4338,9.20e-02,
4339,9.20e-02,
4340,9.20e-02,
4341,9.20e-02,
4342,9.20e-02,
4343,8.40e-02,
4344,8.40e-02,
4345,9.20e-02,
4346,9.20e-02,
4347,9.20e-02,
4348,9.20e-02,
4349,8.40e-02,
4350,8.40e-02,
4351,8.40e-02,
4352,9.20e-02,
4353,9.20e-02,
4354,8.40e-02,
4355,9.20e-02,
4356,9.20e-02,
4357,9.20e-02,
4358,9.20e-02,
4359,8.40e-02,
4360,9.20e-02,
4361,9.20e-02,
4362,8.40e-02,
4363,9.20e-02,
4364,9.20e-02,
4365,8.40e-02,
4366,9.20e-02,
4367,8.40e-02,
4368,9.20e-02,
4369,9.20e-02,
4370,8.40e-02,
4371,9.20e-02,
4372,9.20e-02,
4373,9.20e-02,
4374,9.20e-02,
4375,8.40e-02,
4376,9.20e-02,
4377,9.20e-02,
4378,9.20e-02,
4379,8.40e-02,
4380,9.20e-02,
4381,8.40e-02,
4382,8.40e-02,
4383,8.40e-02,
4384,9.20e-02,
4385,9.20e-02,
4386,9.20e-02,
4387,8.40e-02,
4388,9.20e-02,
4389,9.20e-02,
4390,9.20e-02,
4391,8.40e-02,
4392,9.20e-02,
4393,9.20e-02,
4394,8.40e-02,
4395,9.20e-02,
4396,9.20e-02,
4397,8.40e-02,
4398,8.40e-02,
4399,8.40e-02,
4400,9.20e-02,
4401,9.20e-02,
4402,9.20e-02,
4403,9.20e-02,
4404,9.20e-02,
4405,9.20e-02,
4406,9.20e-02,
4407,9.20e-02,
4408,9.20e-02,
4409,9.20e-02,
4410,9.20e-02,
4411,9.20e-02,
4412,9.20e-02,
4413,8.40e-02,
4414,9.20e-02,
4415,8.40e-02,
4416,9.20e-02,
4417,9.20e-02,
4418,9.20e-02,
4419,8.40e-02,
4420,9.20e-02,
4421,9.20e-02,
4422,9.20e-02,
4423,8.40e-02,
4424,9.20e-02,
4425,9.20e-02,
4426,9.20e-02,
4427,8.40e-02,
4428,9.20e-02,
4429,8.40e-02,
4430,8.40e-02,
4431,8.40e-02,
4432,9.20e-02,
4433,8.40e-02,
4434,8.40e-02,
4435,8.40e-02,
4436,8.40e-02,
4437,8.40e-02,
4438,7.60e-02,
4439,7.60e-02,
4440,7.60e-02,
4441,7.60e-02,
4442,7.60e-02,
4443,7.60e-02,
4444,7.60e-02,
4445,7.60e-02,
4446,6.80e-02,
4447,6.80e-02,
4448,6.80e-02,
4449,5.20e-02,
4450,5.20e-02,
4451,4.40e-02,
4452,4.40e-02,
4453,3.60e-02,
4454,2.80e-02,
4455,1.20e-02,
4456,-4.00e-03,
4457,-1.20e-02,
4458,-4.40e-02,
4459,-7.60e-02,
4460,-1.16e-01,
4461,-1.88e-01,
4462,-3.00e-01,
4463,-4.60e-01,
4464,-6.04e-01,
4465,-6.92e-01,
4466,-7.88e-01,
4467,-8.28e-01,
4468,-8.44e-01,
4469,-8.20e-01,
4470,-7.72e-01,
4471,-6.84e-01,
4472,-5.96e-01,
4473,-4.60e-01,
4474,-3.32e-01,
4475,-1.96e-01,
4476,-5.20e-02,
4477,6.80e-02,
4478,1.88e-01,
4479,2.84e-01,
4480,3.72e-01,
4481,4.20e-01,
4482,4.76e-01,
4483,4.84e-01,
4484,4.76e-01,
4485,4.52e-01,
4486,4.04e-01,
4487,3.32e-01,
4488,2.44e-01,
4489,1.48e-01,
4490,3.60e-02,
4491,-8.40e-02,
4492,-1.96e-01,
4493,-3.00e-01,
4494,-3.96e-01,
4495,-4.60e-01,
4496,-5.24e-01,
4497,-5.32e-01,
4498,-5.24e-01,
4499,-4.84e-01,
4500,-4.12e-01,
4501,-3.32e-01,
4502,-2.36e-01,
4503,-1.32e-01,
4504,-2.80e-02,
4505,8.40e-02,
4506,1.72e-01,
4507,2.52e-01,
4508,3.24e-01,
4509,3.64e-01,
4510,3.96e-01,
4511,4.04e-01,
4512,3.96e-01,
4513,3.64e-01,
4514,3.16e-01,
4515,2.44e-01,
4516,1.72e-01,
4517,7.60e-02,
4518,-1.20e-02,
4519,-1.16e-01,
4520,-2.04e-01,
4521,-2.84e-01,
4522,-3.64e-01,
4523,-4.04e-01,
4524,-4.36e-01,
4525,-4.44e-01,
4526,-4.20e-01,
4527,-3.80e-01,
4528,-3.24e-01,
4529,-2.44e-01,
4530,-1.64e-01,
4531,-6.80e-02,
4532,1.20e-02,
4533,1.08e-01,
4534,1.72e-01,
4535,2.36e-01,
4536,2.84e-01,
4537,3.16e-01,
4538,3.32e-01,
4539,3.32e-01,
4540,3.16e-01,
4541,2.84e-01,
4542,2.36e-01,
4543,1.72e-01,
4544,1.08e-01,
4545,2.80e-02,
4546,-6.80e-02,
4547,-1.32e-01,
4548,-2.04e-01,
4549,-2.76e-01,
4550,-3.24e-01,
4551,-3.56e-01,
4552,-3.64e-01,
4553,-3.56e-01,
4554,-3.32e-01,
4555,-2.84e-01,
4556,-2.36e-01,
4557,-1.64e-01,
4558,-9.20e-02,
4559,-2.80e-02,
4560,5.20e-02,
4561,1.16e-01,
4562,1.72e-01,
4563,2.12e-01,
4564,2.52e-01,
4565,2.76e-01,
4566,2.76e-01,
4567,2.68e-01,
4568,2.44e-01,
4569,2.04e-01,
4570,1.64e-01,
4571,1.08e-01,
4572,4.40e-02,
4573,-2.80e-02,
4574,-8.40e-02,
4575,-1.56e-01,
4576,-2.04e-01,
4577,-2.52e-01,
4578,-2.84e-01,
4579,-3.00e-01,
4580,-2.92e-01,
4581,-2.84e-01,
4582,-2.52e-01,
4583,-2.12e-01,
4584,-1.64e-01,
4585,-1.08e-01,
4586,-4.40e-02,
4587,1.20e-02,
4588,7.60e-02,
4589,1.16e-01,
4590,1.64e-01,
4591,1.96e-01,
4592,2.28e-01,
4593,2.28e-01,
4594,2.28e-01,
4595,2.04e-01,
4596,1.88e-01,
4597,1.48e-01,
4598,1.08e-01,
4599,5.20e-02,
4600,-4.00e-03,
4601,-5.20e-02,
4602,-1.16e-01,
4603,-1.56e-01,
4604,-1.96e-01,
4605,-2.20e-01,
4606,-2.44e-01,
4607,-2.52e-01,
4608,-2.44e-01,
4609,-2.20e-01,
4610,-1.96e-01,
4611,-1.56e-01,
4612,-1.08e-01,
4613,-5.20e-02,
4614,-1.20e-02,
4615,3.60e-02,
4616,8.40e-02,
4617,1.16e-01,
4618,1.48e-01,
4619,1.72e-01,
4620,1.88e-01,
4621,1.88e-01,
4622,1.72e-01,
4623,1.56e-01,
4624,1.24e-01,
4625,9.20e-02,
4626,5.20e-02,
4627,4.00e-03,
4628,-3.60e-02,
4629,-8.40e-02,
4630,-1.16e-01,
4631,-1.56e-01,
4632,-1.88e-01,
4633,-1.96e-01,
4634,-2.04e-01,
4635,-2.04e-01,
4636,-1.96e-01,
4637,-1.72e-01,
4638,-1.48e-01,
4639,-1.08e-01,
4640,-6.80e-02,
4641,-2.80e-02,
4642,1.20e-02,
4643,5.20e-02,
4644,8.40e-02,
4645,1.16e-01,
4646,1.32e-01,
4647,1.48e-01,
4648,1.48e-01,
4649,1.48e-01,
4650,1.24e-01,
4651,1.08e-01,
4652,8.40e-02,
4653,4.40e-02,
4654,1.20e-02,
4655,-2.80e-02,
4656,-5.20e-02,
4657,-8.40e-02,
4658,-1.24e-01,
4659,-1.48e-01,
4660,-1.64e-01,
4661,-1.72e-01,
4662,-1.72e-01,
4663,-1.64e-01,
4664,-1.56e-01,
4665,-1.24e-01,
4666,-1.08e-01,
4667,-6.80e-02,
4668,-3.60e-02,
4669,-4.00e-03,
4670,3.60e-02,
4671,5.20e-02,
4672,8.40e-02,
4673,1.08e-01,
4674,1.16e-01,
4675,1.16e-01,
4676,1.16e-01,
4677,1.08e-01,
4678,9.20e-02,
4679,7.60e-02,
4680,4.40e-02,
4681,1.20e-02,
4682,-1.20e-02,
4683,-3.60e-02,
4684,-6.80e-02,
4685,-9.20e-02,
4686,-1.16e-01,
4687,-1.32e-01,
4688,-1.48e-01,
4689,-1.48e-01,
4690,-1.48e-01,
4691,-1.32e-01,
4692,-1.16e-01,
4693,-9.20e-02,
4694,-6.80e-02,
4695,-3.60e-02,
4696,-1.20e-02,
4697,1.20e-02,
4698,3.60e-02,
4699,6.80e-02,
4700,7.60e-02,
4701,8.40e-02,
4702,8.40e-02,
4703,8.40e-02,
4704,8.40e-02,
4705,7.60e-02,
4706,6.80e-02,
4707,4.40e-02,
4708,1.20e-02,
4709,-4.00e-03,
4710,-2.80e-02,
4711,-5.20e-02,
4712,-7.60e-02,
4713,-9.20e-02,
4714,-1.16e-01,
4715,-1.16e-01,
4716,-1.16e-01,
4717,-1.24e-01,
4718,-1.16e-01,
4719,-1.08e-01,
4720,-8.40e-02,
4721,-6.80e-02,
4722,-4.40e-02,
4723,-1.20e-02,
4724,4.00e-03,
4725,2.80e-02,
4726,4.40e-02,
4727,5.20e-02,
4728,6.80e-02,
4729,7.60e-02,
4730,7.60e-02,
4731,7.60e-02,
4732,6.80e-02,
4733,5.20e-02,
4734,3.60e-02,
4735,1.20e-02,
4736,-4.00e-03,
4737,-2.80e-02,
4738,-4.40e-02,
4739,-6.80e-02,
4740,-7.60e-02,
4741,-8.40e-02,
4742,-9.20e-02,
4743,-9.20e-02,
4744,-1.08e-01,
4745,-9.20e-02,
4746,-8.40e-02,
4747,-7.60e-02,
4748,-5.20e-02,
4749,-4.40e-02,
4750,-2.80e-02,
4751,-4.00e-03,
4752,1.20e-02,
4753,2.80e-02,
4754,4.40e-02,
4755,4.40e-02,
4756,5.20e-02,
4757,5.20e-02,
4758,5.20e-02,
4759,4.40e-02,
4760,4.40e-02,
4761,3.60e-02,
4762,1.20e-02,
4763,4.00e-03,
4764,-1.20e-02,
4765,-3.60e-02,
4766,-4.40e-02,
4767,-6.80e-02,
4768,-7.60e-02,
4769,-8.40e-02,
4770,-8.40e-02,
4771,-8.40e-02,
4772,-8.40e-02,
4773,-7.60e-02,
4774,-6.80e-02,
4775,-5.20e-02,
4776,-4.40e-02,
4777,-2.80e-02,
4778,-1.20e-02,
4779,4.00e-03,
4780,1.20e-02,
4781,2.80e-02,
4782,3.60e-02,
4783,3.60e-02,
4784,4.40e-02,
4785,4.40e-02,
4786,3.60e-02,
4787,3.60e-02,
4788,2.80e-02,
4789,1.20e-02,
4790,-4.00e-03,
4791,-1.20e-02,
4792,-2.80e-02,
4793,-3.60e-02,
4794,-5.20e-02,
4795,-5.20e-02,
4796,-6.80e-02,
4797,-7.60e-02,
4798,-7.60e-02,
4799,-7.60e-02,
4800,-6.80e-02,
4801,-5.20e-02,
4802,-5.20e-02,
4803,-4.40e-02,
4804,-2.80e-02,
4805,-1.20e-02,
4806,-4.00e-03,
4807,4.00e-03,
4808,1.20e-02,
4809,2.80e-02,
4810,2.80e-02,
4811,3.60e-02,
4812,3.60e-02,
4813,3.60e-02,
4814,2.80e-02,
4815,1.20e-02,
4816,4.00e-03,
4817,-4.00e-03,
4818,-1.20e-02,
4819,-2.80e-02,
4820,-3.60e-02,
4821,-4.40e-02,
4822,-5.20e-02,
4823,-5.20e-02,
4824,-6.80e-02,
4825,-5.20e-02,
4826,-6.80e-02,
4827,-5.20e-02,
4828,-5.20e-02,
4829,-4.40e-02,
4830,-3.60e-02,
4831,-2.80e-02,
4832,-1.20e-02,
4833,-4.00e-03,
4834,4.00e-03,
4835,4.00e-03,
4836,1.20e-02,
4837,2.80e-02,
4838,2.80e-02,
4839,2.80e-02,
4840,2.80e-02,
4841,2.80e-02,
4842,1.20e-02,
4843,4.00e-03,
4844,-4.00e-03,
4845,-4.00e-03,
4846,-1.20e-02,
4847,-3.60e-02,
4848,-3.60e-02,
4849,-4.40e-02,
4850,-4.40e-02,
4851,-5.20e-02,
4852,-5.20e-02,
4853,-5.20e-02,
4854,-4.40e-02,
4855,-4.40e-02,
4856,-4.40e-02,
4857,-3.60e-02,
4858,-2.80e-02,
4859,-1.20e-02,
4860,-4.00e-03,
4861,-4.00e-03,
4862,4.00e-03,
4863,4.00e-03,
4864,1.20e-02,
4865,1.20e-02,
4866,1.20e-02,
4867,1.20e-02,
4868,1.20e-02,
4869,4.00e-03,
4870,4.00e-03,
4871,-4.00e-03,
4872,-1.20e-02,
4873,-1.20e-02,
4874,-2.80e-02,
4875,-2.80e-02,
4876,-3.60e-02,
4877,-4.40e-02,
4878,-4.40e-02,
4879,-4.40e-02,
4880,-4.40e-02,
4881,-4.40e-02,
4882,-4.40e-02,
4883,-3.60e-02,
4884,-3.60e-02,
4885,-2.80e-02,
4886,-1.20e-02,
4887,-1.20e-02,
4888,-4.00e-03,
4889,4.00e-03,
4890,4.00e-03,
4891,4.00e-03,
4892,1.20e-02,
4893,1.20e-02,
4894,1.20e-02,
4895,4.00e-03,
4896,4.00e-03,
4897,4.00e-03,
4898,-4.00e-03,
4899,-4.00e-03,
4900,-1.20e-02,
4901,-1.20e-02,
4902,-2.80e-02,
4903,-3.60e-02,
4904,-3.60e-02,
4905,-3.60e-02,
4906,-4.40e-02,
4907,-3.60e-02,
4908,-3.60e-02,
4909,-3.60e-02,
4910,-3.60e-02,
4911,-3.60e-02,
4912,-2.80e-02,
4913,-2.80e-02,
4914,-1.20e-02,
4915,-4.00e-03,
4916,-4.00e-03,
4917,-4.00e-03,
4918,4.00e-03,
4919,4.00e-03,
4920,4.00e-03,
4921,4.00e-03,
4922,4.00e-03,
4923,4.00e-03,
4924,4.00e-03,
4925,-4.00e-03,
4926,-1.20e-02,
4927,-1.20e-02,
4928,-1.20e-02,
4929,-2.80e-02,
4930,-2.80e-02,
4931,-2.80e-02,
4932,-3.60e-02,
4933,-3.60e-02,
4934,-3.60e-02,
4935,-3.60e-02,
4936,-3.60e-02,
4937,-2.80e-02,
4938,-2.80e-02,
4939,-2.80e-02,
4940,-1.20e-02,
4941,-1.20e-02,
4942,-1.20e-02,
4943,-1.20e-02,
4944,-4.00e-03,
4945,-4.00e-03,
4946,4.00e-03,
4947,4.00e-03,
4948,4.00e-03,
4949,4.00e-03,
4950,4.00e-03,
4951,-4.00e-03,
4952,-4.00e-03,
4953,-4.00e-03,
4954,-1.20e-02,
4955,-1.20e-02,
4956,-1.20e-02,
4957,-2.80e-02,
4958,-2.80e-02,
4959,-3.60e-02,
4960,-3.60e-02,
4961,-3.60e-02,
4962,-3.60e-02,
4963,-2.80e-02,
4964,-2.80e-02,
4965,-2.80e-02,
4966,-2.80e-02,
4967,-2.80e-02,
4968,-1.20e-02,
4969,-1.20e-02,
4970,-1.20e-02,
4971,-4.00e-03,
4972,-4.00e-03,
4973,-4.00e-03,
4974,-4.00e-03,
4975,-4.00e-03,
4976,-4.00e-03,
4977,-4.00e-03,
4978,-4.00e-03,
4979,-4.00e-03,
4980,-1.20e-02,
4981,-1.20e-02,
4982,-1.20e-02,
4983,-2.80e-02,
4984,-2.80e-02,
4985,-2.80e-02,
4986,-2.80e-02,
4987,-2.80e-02,
4988,-2.80e-02,
4989,-2.80e-02,
4990,-2.80e-02,
4991,-2.80e-02,
4992,-2.80e-02,
4993,-2.80e-02,
4994,-1.20e-02,
4995,-1.20e-02,
4996,-1.20e-02,
4997,-4.00e-03,
4998,-4.00e-03,
4999,-4.00e-03,
5000,-4.00e-03,
5001,-4.00e-03,
5002,-4.00e-03,
5003,-4.00e-03,
5004,-4.00e-03,
5005,-4.00e-03,
5006,-4.00e-03,
5007,-1.20e-02,
5008,-1.20e-02,
5009,-1.20e-02,
5010,-1.20e-02,
5011,-2.80e-02,
5012,-2.80e-02,
5013,-2.80e-02,
5014,-2.80e-02,
5015,-2.80e-02,
5016,-2.80e-02,
5017,-2.80e-02,
5018,-2.80e-02,
5019,-2.80e-02,
5020,-2.80e-02,
5021,-2.80e-02,
5022,-1.20e-02,
5023,-1.20e-02,
5024,-1.20e-02,
5025,-1.20e-02,
5026,-4.00e-03,
5027,-4.00e-03,
5028,-4.00e-03,
5029,-4.00e-03,
5030,-4.00e-03,
5031,-4.00e-03,
5032,-4.00e-03,
5033,-4.00e-03,
5034,-1.20e-02,
5035,-1.20e-02,
5036,-1.20e-02,
5037,-1.20e-02,
5038,-1.20e-02,
5039,-2.80e-02,
5040,-2.80e-02,
5041,-2.80e-02,
5042,-2.80e-02,
5043,-2.80e-02,
5044,-2.80e-02,
5045,-2.80e-02,
5046,-2.80e-02,
5047,-2.80e-02,
5048,-1.20e-02,
5049,-1.20e-02,
5050,-1.20e-02,
5051,-1.20e-02,
5052,-1.20e-02,
5053,-1.20e-02,
5054,-4.00e-03,
5055,-4.00e-03,
5056,-4.00e-03,
5057,-4.00e-03,
5058,-1.20e-02,
5059,-4.00e-03,
5060,-4.00e-03,
5061,-4.00e-03,
5062,-1.20e-02,
5063,-1.20e-02,
5064,-1.20e-02,
5065,-1.20e-02,
5066,-2.80e-02,
5067,-1.20e-02,
5068,-2.80e-02,
5069,-2.80e-02,
5070,-2.80e-02,
5071,-2.80e-02,
5072,-2.80e-02,
5073,-2.80e-02,
5074,-2.80e-02,
5075,-1.20e-02,
5076,-1.20e-02,
5077,-1.20e-02,
5078,-1.20e-02,
5079,-1.20e-02,
5080,-1.20e-02,
5081,-4.00e-03,
5082,-1.20e-02,
5083,-4.00e-03,
5084,-4.00e-03,
5085,-1.20e-02,
5086,-1.20e-02,
5087,-1.20e-02,
5088,-1.20e-02,
5089,-1.20e-02,
5090,-1.20e-02,
5091,-1.20e-02,
5092,-1.20e-02,
5093,-1.20e-02,
5094,-1.20e-02,
5095,-2.80e-02,
5096,-2.80e-02,
5097,-1.20e-02,
5098,-2.80e-02,
5099,-2.80e-02,
5100,-1.20e-02,
5101,-1.20e-02,
5102,-1.20e-02,
5103,-1.20e-02,
5104,-1.20e-02,
5105,-1.20e-02,
5106,-1.20e-02,
5107,-1.20e-02,
5108,-1.20e-02,
5109,-1.20e-02,
5110,-4.00e-03,
5111,-4.00e-03,
5112,-4.00e-03,
5113,-4.00e-03,
5114,-1.20e-02,
5115,-1.20e-02,
5116,-1.20e-02,
5117,-1.20e-02,
5118,-1.20e-02,
5119,-1.20e-02,
5120,-1.20e-02,
5121,-1.20e-02,
5122,-1.20e-02,
5123,-1.20e-02,
5124,-1.20e-02,
5125,-1.20e-02,
5126,-1.20e-02,
5127,-1.20e-02,
5128,-1.20e-02,
5129,-1.20e-02,
5130,-1.20e-02,
5131,-1.20e-02,
5132,-1.20e-02,
5133,-1.20e-02,
5134,-1.20e-02,
5135,-1.20e-02,
5136,-1.20e-02,
5137,-1.20e-02,
5138,-1.20e-02,
5139,-1.20e-02,
5140,-1.20e-02,
5141,-1.20e-02,
5142,-1.20e-02,
5143,-1.20e-02,
5144,-1.20e-02,
5145,-1.20e-02,
5146,-1.20e-02,
5147,-1.20e-02,
5148,-1.20e-02,
5149,-1.20e-02,
5150,-2.80e-02,
5151,-2.80e-02,
5152,-1.20e-02,
5153,-1.20e-02,
5154,-1.20e-02,
5155,-1.20e-02,
5156,-1.20e-02,
5157,-1.20e-02,
5158,-1.20e-02,
5159,-1.20e-02,
5160,-1.20e-02,
5161,-1.20e-02,
5162,-1.20e-02,
5163,-1.20e-02,
5164,-4.00e-03,
5165,-1.20e-02,
5166,-1.20e-02,
5167,-1.20e-02,
5168,-1.20e-02,
5169,-1.20e-02,
5170,-1.20e-02,
5171,-1.20e-02,
5172,-1.20e-02,
5173,-1.20e-02,
5174,-1.20e-02,
5175,-1.20e-02,
5176,-1.20e-02,
5177,-1.20e-02,
5178,-2.80e-02,
5179,-1.20e-02,
5180,-1.20e-02,
5181,-1.20e-02,
5182,-1.20e-02,
5183,-1.20e-02,
5184,-1.20e-02,
5185,-1.20e-02,
5186,-1.20e-02,
5187,-1.20e-02,
5188,-1.20e-02,
5189,-1.20e-02,
5190,-1.20e-02,
5191,-1.20e-02,
5192,-1.20e-02,
5193,-1.20e-02,
5194,-1.20e-02,
5195,-1.20e-02,
5196,-4.00e-03,
5197,-1.20e-02,
5198,-1.20e-02,
5199,-1.20e-02,
5200,-1.20e-02,
5201,-1.20e-02,
5202,-1.20e-02,
5203,-1.20e-02,
5204,-1.20e-02,
5205,-1.20e-02,
5206,-1.20e-02,
5207,-1.20e-02,
5208,-1.20e-02,
5209,-1.20e-02,
5210,-1.20e-02,
5211,-1.20e-02,
5212,-1.20e-02,
5213,-1.20e-02,
5214,-1.20e-02,
5215,-1.20e-02,
5216,-1.20e-02,
5217,-1.20e-02,
5218,-1.20e-02,
5219,-1.20e-02,
5220,-1.20e-02,
5221,-1.20e-02,
5222,-1.20e-02,
5223,-1.20e-02,
5224,-1.20e-02,
5225,-1.20e-02,
5226,-1.20e-02,
5227,-1.20e-02,
5228,-1.20e-02,
5229,-1.20e-02,
5230,-1.20e-02,
5231,-1.20e-02,
5232,-1.20e-02,
5233,-1.20e-02,
5234,-1.20e-02,
5235,-1.20e-02,
5236,-1.20e-02,
5237,-1.20e-02,
5238,-1.20e-02,
5239,-1.20e-02,
5240,-1.20e-02,
5241,-1.20e-02,
5242,-1.20e-02,
5243,-1.20e-02,
5244,-1.20e-02,
5245,-1.20e-02,
5246,-1.20e-02,
5247,-1.20e-02,
5248,-1.20e-02,
5249,-1.20e-02,
5250,-1.20e-02,
5251,-1.20e-02,
5252,-1.20e-02,
5253,-1.20e-02,
5254,-1.20e-02,
5255,-1.20e-02,
5256,-1.20e-02,
5257,-1.20e-02,
5258,-1.20e-02,
5259,-1.20e-02,
5260,-1.20e-02,
5261,-1.20e-02,
5262,-1.20e-02,
5263,-1.20e-02,
5264,-1.20e-02,
5265,-1.20e-02,
5266,-1.20e-02,
5267,-1.20e-02,
5268,-1.20e-02,
5269,-1.20e-02,
5270,-1.20e-02,
5271,-1.20e-02,
5272,-1.20e-02,
5273,-4.00e-03,
5274,-1.20e-02,
5275,-1.20e-02,
5276,-4.00e-03,
5277,-1.20e-02,
5278,-1.20e-02,
5279,-1.20e-02,
5280,-1.20e-02,
5281,-1.20e-02,
5282,-1.20e-02,
5283,-1.20e-02,
5284,-1.20e-02,
5285,-1.20e-02,
5286,-1.20e-02,
5287,-1.20e-02,
5288,-1.20e-02,
5289,-1.20e-02,
5290,-1.20e-02,
5291,-1.20e-02,
5292,-1.20e-02,
5293,-1.20e-02,
5294,-1.20e-02,
5295,-1.20e-02,
5296,-1.20e-02,
5297,-1.20e-02,
5298,-1.20e-02,
5299,-1.20e-02,
5300,-1.20e-02,
5301,-1.20e-02,
5302,-1.20e-02,
5303,-1.20e-02,
5304,-1.20e-02,
5305,-1.20e-02,
5306,-1.20e-02,
5307,-1.20e-02,
5308,-1.20e-02,
5309,-1.20e-02,
5310,-1.20e-02,
5311,-1.20e-02,
5312,-1.20e-02,
5313,-1.20e-02,
5314,-1.20e-02,
5315,-1.20e-02,
5316,-1.20e-02,
5317,-1.20e-02,
5318,-1.20e-02,
5319,-1.20e-02,
5320,-1.20e-02,
5321,-1.20e-02,
5322,-1.20e-02,
5323,-1.20e-02,
5324,-1.20e-02,
5325,-1.20e-02,
5326,-1.20e-02,
5327,-1.20e-02,
5328,-1.20e-02,
5329,-1.20e-02,
5330,-1.20e-02,
5331,-1.20e-02,
5332,-1.20e-02,
5333,-1.20e-02,
5334,-1.20e-02,
5335,-1.20e-02,
5336,-1.20e-02,
5337,-1.20e-02,
5338,-1.20e-02,
5339,-1.20e-02,
5340,-1.20e-02,
5341,-1.20e-02,
5342,-1.20e-02,
5343,-1.20e-02,
5344,-1.20e-02,
5345,-1.20e-02,
5346,-1.20e-02,
5347,-1.20e-02,
5348,-1.20e-02,
5349,-1.20e-02,
5350,-1.20e-02,
5351,-1.20e-02,
5352,-1.20e-02,
5353,-1.20e-02,
5354,-1.20e-02,
5355,-1.20e-02,
5356,-1.20e-02,
5357,-1.20e-02,
5358,-1.20e-02,
5359,-1.20e-02,
5360,-1.20e-02,
5361,-1.20e-02,
5362,-1.20e-02,
5363,-1.20e-02,
5364,-1.20e-02,
5365,-1.20e-02,
5366,-1.20e-02,
5367,-1.20e-02,
5368,-1.20e-02,
5369,-1.20e-02,
5370,-1.20e-02,
5371,-1.20e-02,
5372,-1.20e-02,
5373,-1.20e-02,
5374,-1.20e-02,
5375,-1.20e-02,
5376,-1.20e-02,
5377,-1.20e-02,
5378,-1.20e-02,
5379,-1.20e-02,
5380,-1.20e-02,
5381,-1.20e-02,
5382,-1.20e-02,
5383,-1.20e-02,
5384,-1.20e-02,
5385,-1.20e-02,
5386,-1.20e-02,
5387,-1.20e-02,
5388,-1.20e-02,
5389,-1.20e-02,
5390,-1.20e-02,
5391,-1.20e-02,
5392,-1.20e-02,
5393,-1.20e-02,
5394,-1.20e-02,
5395,-1.20e-02,
5396,-1.20e-02,
5397,-1.20e-02,
5398,-1.20e-02,
5399,-1.20e-02,
5400,-1.20e-02,
5401,-1.20e-02,
5402,-1.20e-02,
5403,-1.20e-02,
5404,-1.20e-02,
5405,-1.20e-02,
5406,-1.20e-02,
5407,-1.20e-02,
5408,-1.20e-02,
5409,-1.20e-02,
5410,-1.20e-02,
5411,-1.20e-02,
5412,-1.20e-02,
5413,-1.20e-02,
5414,-1.20e-02,
5415,-1.20e-02,
5416,-1.20e-02,
5417,-1.20e-02,
5418,-1.20e-02,
5419,-1.20e-02,
5420,-1.20e-02,
5421,-1.20e-02,
5422,-1.20e-02,
5423,-1.20e-02,
5424,-1.20e-02,
5425,-1.20e-02,
5426,-1.20e-02,
5427,-1.20e-02,
5428,-1.20e-02,
5429,-1.20e-02,
5430,-1.20e-02,
5431,-1.20e-02,
5432,-1.20e-02,
5433,-1.20e-02,
5434,-1.20e-02,
5435,-1.20e-02,
5436,-1.20e-02,
5437,-1.20e-02,
5438,-1.20e-02,
5439,-1.20e-02,
5440,-1.20e-02,
5441,-1.20e-02,
5442,-1.20e-02,
5443,-1.20e-02,
5444,-1.20e-02,
5445,-1.20e-02,
5446,-1.20e-02,
5447,-1.20e-02,
5448,-1.20e-02,
5449,-1.20e-02,
5450,-1.20e-02,
5451,-1.20e-02,
5452,-1.20e-02,
5453,-1.20e-02,
5454,-1.20e-02,
5455,-1.20e-02,
5456,-1.20e-02,
5457,-1.20e-02,
5458,-1.20e-02,
5459,-1.20e-02,
5460,-1.20e-02,
5461,-1.20e-02,
5462,-1.20e-02,
5463,-1.20e-02,
5464,-1.20e-02,
5465,-4.00e-03,
5466,-1.20e-02,
5467,-1.20e-02,
5468,-1.20e-02,
5469,-1.20e-02,
5470,-1.20e-02,
5471,-1.20e-02,
5472,-1.20e-02,
5473,-1.20e-02,
5474,-1.20e-02,
5475,-1.20e-02,
5476,-1.20e-02,
5477,-1.20e-02,
5478,-1.20e-02,
5479,-1.20e-02,
5480,-1.20e-02,
5481,-1.20e-02,
5482,-1.20e-02,
5483,-1.20e-02,
5484,-1.20e-02,
5485,-1.20e-02,
5486,-1.20e-02,
5487,-1.20e-02,
5488,-1.20e-02,
5489,-1.20e-02,
5490,-1.20e-02,
5491,-1.20e-02,
5492,-1.20e-02,
5493,-1.20e-02,
5494,-1.20e-02,
5495,-1.20e-02,
5496,-1.20e-02,
5497,-1.20e-02,
5498,-1.20e-02,
5499,-1.20e-02,
5500,-1.20e-02,
5501,-1.20e-02,
5502,-1.20e-02,
5503,-1.20e-02,
5504,-1.20e-02,
5505,-1.20e-02,
5506,-1.20e-02,
5507,-1.20e-02,
5508,-1.20e-02,
5509,-1.20e-02,
5510,-1.20e-02,
5511,-1.20e-02,
5512,-1.20e-02,
5513,-1.20e-02,
5514,-1.20e-02,
5515,-1.20e-02,
5516,-4.00e-03,
5517,-1.20e-02,
5518,-1.20e-02,
5519,-1.20e-02,
5520,-1.20e-02,
5521,-1.20e-02,
5522,-1.20e-02,
5523,-1.20e-02,
5524,-1.20e-02,
5525,-1.20e-02,
5526,-1.20e-02,
5527,-1.20e-02,
5528,-1.20e-02,
5529,-1.20e-02,
5530,-1.20e-02,
5531,-1.20e-02,
5532,-1.20e-02,
5533,-1.20e-02,
5534,-1.20e-02,
5535,-1.20e-02,
5536,-1.20e-02,
5537,-1.20e-02,
5538,-1.20e-02,
5539,-1.20e-02,
5540,-1.20e-02,
5541,-1.20e-02,
5542,-1.20e-02,
5543,-1.20e-02,
5544,-1.20e-02,
5545,-1.20e-02,
5546,-1.20e-02,
5547,-1.20e-02,
5548,-1.20e-02,
5549,-1.20e-02,
5550,-1.20e-02,
5551,-1.20e-02,
5552,-1.20e-02,
5553,-1.20e-02,
5554,-1.20e-02,
5555,-1.20e-02,
5556,-1.20e-02,
5557,-1.20e-02,
5558,-1.20e-02,
5559,-1.20e-02,
5560,-1.20e-02,
5561,-1.20e-02,
5562,-1.20e-02,
5563,-1.20e-02,
5564,-1.20e-02,
5565,-1.20e-02,
5566,-1.20e-02,
5567,-1.20e-02,
5568,-1.20e-02,
5569,-1.20e-02,
5570,-1.20e-02,
5571,-1.20e-02,
5572,-1.20e-02,
5573,-1.20e-02,
5574,-1.20e-02,
5575,-1.20e-02,
5576,-1.20e-02,
5577,-4.00e-03,
5578,-1.20e-02,
5579,-1.20e-02,
5580,-1.20e-02,
5581,-1.20e-02,
5582,-1.20e-02,
5583,-1.20e-02,
5584,-1.20e-02,
5585,-1.20e-02,
5586,-1.20e-02,
5587,-1.20e-02,
5588,-1.20e-02,
5589,-1.20e-02,
5590,-1.20e-02,
5591,-1.20e-02,
5592,-1.20e-02,
5593,-1.20e-02,
5594,-1.20e-02,
5595,-1.20e-02,
5596,-4.00e-03,
5597,-1.20e-02,
5598,-1.20e-02,
5599,-1.20e-02,
5600,-1.20e-02,
5601,-1.20e-02,
5602,-1.20e-02,
5603,-1.20e-02,
5604,-1.20e-02,
5605,-1.20e-02,
5606,-1.20e-02,
5607,-1.20e-02,
5608,-1.20e-02,
5609,-4.00e-03,
5610,-1.20e-02,
5611,-1.20e-02,
5612,-1.20e-02,
5613,-1.20e-02,
5614,-1.20e-02,
5615,-1.20e-02,
5616,-1.20e-02,
5617,-1.20e-02,
5618,-1.20e-02,
5619,-1.20e-02,
5620,-1.20e-02,
5621,-1.20e-02,
5622,-1.20e-02,
5623,-1.20e-02,
5624,-1.20e-02,
5625,-1.20e-02,
5626,-1.20e-02,
5627,-1.20e-02,
5628,-1.20e-02,
5629,-1.20e-02,
5630,-1.20e-02,
5631,-1.20e-02,
5632,-1.20e-02,
5633,-1.20e-02,
5634,-1.20e-02,
5635,-1.20e-02,
5636,-1.20e-02,
5637,-1.20e-02,
5638,-1.20e-02,
5639,-1.20e-02,
5640,-1.20e-02,
5641,-1.20e-02,
5642,-1.20e-02,
5643,-1.20e-02,
5644,-1.20e-02,
5645,-1.20e-02,
5646,-1.20e-02,
5647,-1.20e-02,
5648,-1.20e-02,
5649,-1.20e-02,
5650,-1.20e-02,
5651,-1.20e-02,
5652,-1.20e-02,
5653,-1.20e-02,
5654,-1.20e-02,
5655,-1.20e-02,
5656,-1.20e-02,
5657,-1.20e-02,
5658,-1.20e-02,
5659,-1.20e-02,
5660,-4.00e-03,
5661,-1.20e-02,
5662,-1.20e-02,
5663,-1.20e-02,
5664,-1.20e-02,
5665,-1.20e-02,
5666,-1.20e-02,
5667,-1.20e-02,
5668,-1.20e-02,
5669,-1.20e-02,
5670,-1.20e-02,
5671,-1.20e-02,
5672,-1.20e-02,
5673,-1.20e-02,
5674,-1.20e-02,
5675,-1.20e-02,
5676,-1.20e-02,
5677,-1.20e-02,
5678,-1.20e-02,
5679,-1.20e-02,
5680,-1.20e-02,
5681,-1.20e-02,
5682,-1.20e-02,
5683,-1.20e-02,
5684,-1.20e-02,
5685,-1.20e-02,
5686,-1.20e-02,
5687,-1.20e-02,
5688,-1.20e-02,
5689,-1.20e-02,
5690,-1.20e-02,
5691,-1.20e-02,
5692,-1.20e-02,
5693,-1.20e-02,
5694,-1.20e-02,
5695,-1.20e-02,
5696,-1.20e-02,
5697,-1.20e-02,
5698,-1.20e-02,
5699,-1.20e-02,
5700,-1.20e-02,
5701,-1.20e-02,
5702,-1.20e-02,
5703,-1.20e-02,
5704,-1.20e-02,
5705,-4.00e-03,
5706,-1.20e-02,
5707,-1.20e-02,
5708,-1.20e-02,
5709,-1.20e-02,
5710,-1.20e-02,
5711,-1.20e-02,
5712,-1.20e-02,
5713,-1.20e-02,
5714,-1.20e-02,
5715,-1.20e-02,
5716,-1.20e-02,
5717,-1.20e-02,
5718,-1.20e-02,
5719,-1.20e-02,
5720,-1.20e-02,
5721,-1.20e-02,
5722,-1.20e-02,
5723,-1.20e-02,
5724,-1.20e-02,
5725,-1.20e-02,
5726,-1.20e-02,
5727,-1.20e-02,
5728,-1.20e-02,
5729,-1.20e-02,
5730,-1.20e-02,
5731,-1.20e-02,
5732,-4.00e-03,
5733,-1.20e-02,
5734,-1.20e-02,
5735,-1.20e-02,
5736,-1.20e-02,
5737,-4.00e-03,
5738,-1.20e-02,
5739,-1.20e-02,
5740,-1.20e-02,
5741,-1.20e-02,
5742,-1.20e-02,
5743,-1.20e-02,
5744,-1.20e-02,
5745,-1.20e-02,
5746,-1.20e-02,
5747,-1.20e-02,
5748,-1.20e-02,
5749,-1.20e-02,
5750,-1.20e-02,
5751,-1.20e-02,
5752,-1.20e-02,
5753,-4.00e-03,
5754,-1.20e-02,
5755,-1.20e-02,
5756,-1.20e-02,
5757,-1.20e-02,
5758,-1.20e-02,
5759,-1.20e-02,
5760,-1.20e-02,
5761,-1.20e-02,
5762,-1.20e-02,
5763,-1.20e-02,
5764,-1.20e-02,
5765,-1.20e-02,
5766,-1.20e-02,
5767,-1.20e-02,
5768,-1.20e-02,
5769,-1.20e-02,
5770,-1.20e-02,
5771,-1.20e-02,
5772,-1.20e-02,
5773,-1.20e-02,
5774,-1.20e-02,
5775,-1.20e-02,
5776,-1.20e-02,
5777,-1.20e-02,
5778,-1.20e-02,
5779,-1.20e-02,
5780,-1.20e-02,
5781,-1.20e-02,
5782,-1.20e-02,
5783,-1.20e-02,
5784,-1.20e-02,
5785,-1.20e-02,
5786,-1.20e-02,
5787,-1.20e-02,
5788,-1.20e-02,
5789,-1.20e-02,
5790,-1.20e-02,
5791,-1.20e-02,
5792,-1.20e-02,
5793,-1.20e-02,
5794,-1.20e-02,
5795,-1.20e-02,
5796,-1.20e-02,
5797,-1.20e-02,
5798,-1.20e-02,
5799,-1.20e-02,
5800,-1.20e-02,
5801,-1.20e-02,
5802,-1.20e-02,
5803,-1.20e-02,
5804,-4.00e-03,
5805,-1.20e-02,
5806,-1.20e-02,
5807,-1.20e-02,
5808,-1.20e-02,
5809,-1.20e-02,
5810,-1.20e-02,
5811,-1.20e-02,
5812,-1.20e-02,
5813,-1.20e-02,
5814,-1.20e-02,
5815,-1.20e-02,
5816,-1.20e-02,
5817,-1.20e-02,
5818,-1.20e-02,
5819,-1.20e-02,
5820,-4.00e-03,
5821,-1.20e-02,
5822,-1.20e-02,
5823,-1.20e-02,
5824,-1.20e-02,
5825,-1.20e-02,
5826,-1.20e-02,
5827,-1.20e-02,
5828,-1.20e-02,
5829,-1.20e-02,
5830,-1.20e-02,
5831,-1.20e-02,
5832,-1.20e-02,
5833,-1.20e-02,
5834,-1.20e-02,
5835,-1.20e-02,
5836,-4.00e-03,
5837,-1.20e-02,
5838,-1.20e-02,
5839,-1.20e-02,
5840,-1.20e-02,
5841,-1.20e-02,
5842,-1.20e-02,
5843,-1.20e-02,
5844,-1.20e-02,
5845,-1.20e-02,
5846,-1.20e-02,
5847,-1.20e-02,
5848,-1.20e-02,
5849,-4.00e-03,
5850,-1.20e-02,
5851,-1.20e-02,
5852,-4.00e-03,
5853,-1.20e-02,
5854,-1.20e-02,
5855,-1.20e-02,
5856,-1.20e-02,
5857,-1.20e-02,
5858,-1.20e-02,
5859,-1.20e-02,
5860,-4.00e-03,
5861,-1.20e-02,
5862,-1.20e-02,
5863,-1.20e-02,
5864,-1.20e-02,
5865,-1.20e-02,
5866,-1.20e-02,
5867,-1.20e-02,
5868,-4.00e-03,
5869,-1.20e-02,
5870,-1.20e-02,
5871,-1.20e-02,
5872,-1.20e-02,
5873,-1.20e-02,
5874,-1.20e-02,
5875,-1.20e-02,
5876,-1.20e-02,
5877,-1.20e-02,
5878,-1.20e-02,
5879,-1.20e-02,
5880,-1.20e-02,
5881,-1.20e-02,
5882,-1.20e-02,
5883,-1.20e-02,
5884,-4.00e-03,
5885,-1.20e-02,
5886,-1.20e-02,
5887,-1.20e-02,
5888,-1.20e-02,
5889,-1.20e-02,
5890,-1.20e-02,
5891,-1.20e-02,
5892,-1.20e-02,
5893,-1.20e-02,
5894,-1.20e-02,
5895,-1.20e-02,
5896,-1.20e-02,
5897,-4.00e-03,
5898,-1.20e-02,
5899,-1.20e-02,
5900,-4.00e-03,
5901,-1.20e-02,
5902,-1.20e-02,
5903,-1.20e-02,
5904,-1.20e-02,
5905,-1.20e-02,
5906,-1.20e-02,
5907,-1.20e-02,
5908,-4.00e-03,
5909,-1.20e-02,
5910,-1.20e-02,
5911,-1.20e-02,
5912,-1.20e-02,
5913,-4.00e-03,
5914,-1.20e-02,
5915,-1.20e-02,
5916,-4.00e-03,
5917,-1.20e-02,
5918,-1.20e-02,
5919,-1.20e-02,
5920,-1.20e-02,
5921,-1.20e-02,
5922,-1.20e-02,
5923,-1.20e-02,
5924,-1.20e-02,
5925,-1.20e-02,
5926,-1.20e-02,
5927,-1.20e-02,
5928,-1.20e-02,
5929,-1.20e-02,
5930,-1.20e-02,
5931,-1.20e-02,
5932,-1.20e-02,
5933,-1.20e-02,
5934,-1.20e-02,
5935,-1.20e-02,
5936,-1.20e-02,
5937,-4.00e-03,
5938,-1.20e-02,
5939,-1.20e-02,
5940,-1.20e-02,
5941,-1.20e-02,
5942,-1.20e-02,
5943,-1.20e-02,
5944,-1.20e-02,
5945,-1.20e-02,
5946,-1.20e-02,
5947,-1.20e-02,
5948,-4.00e-03,
5949,-1.20e-02,
5950,-1.20e-02,
5951,-1.20e-02,
5952,-1.20e-02,
5953,-1.20e-02,
5954,-1.20e-02,
5955,-1.20e-02,
5956,-4.00e-03,
5957,-1.20e-02,
5958,-1.20e-02,
5959,-1.20e-02,
5960,-1.20e-02,
5961,-1.20e-02,
5962,-1.20e-02,
5963,-1.20e-02,
5964,-4.00e-03,
5965,-1.20e-02,
5966,-1.20e-02,
5967,-1.20e-02,
5968,-1.20e-02,
5969,-1.20e-02,
5970,-1.20e-02,
5971,-1.20e-02,
5972,-1.20e-02,
5973,-1.20e-02,
5974,-1.20e-02,
5975,-1.20e-02,
5976,-1.20e-02,
5977,-4.00e-03,
5978,-1.20e-02,
5979,-1.20e-02,
5980,-4.00e-03,
5981,-1.20e-02,
5982,-1.20e-02,
5983,-1.20e-02,
5984,-1.20e-02,
5985,-4.00e-03,
5986,-1.20e-02,
5987,-1.20e-02,
5988,-1.20e-02,
5989,-1.20e-02,
5990,-1.20e-02,
5991,-1.20e-02,
5992,-1.20e-02,
5993,-4.00e-03,
5994,-1.20e-02,
5995,-1.20e-02,
5996,-4.00e-03,
5997,-1.20e-02,
5998,-1.20e-02,
5999,-1.20e-02,
